,Borough,Ward,Geog level,Constituency,,Turnout,Ward Level Electorate,% Turnout,Winner,Sadiq Aman Khan - Labour Party,Zac Goldsmith - The Conservative Party,Sian Rebecca Berry - Green Party,Caroline Valerie Pidgeon - London Liberal Democrats,Peter Robin Whittle - UK Independence Party (UKIP),Other,Total Good
1,Bexley,Barnehurst,Ward,Bexley & Bromley,E05000064,"2,758","6,886",40%,Zac Goldsmith,588,1510,87,100,266,156,2707
2,Bexley,Belvedere,Ward,Bexley & Bromley,E05000065,"2,675","7,506",36%,Zac Goldsmith,957,975,125,93,271,199,2620
3,Bexley,Blackfen And Lamorbey,Ward,Bexley & Bromley,E05000066,"3,011","6,974",43%,Zac Goldsmith,613,1586,106,142,338,152,2937
4,Bexley,Blendon And Penhill,Ward,Bexley & Bromley,E05000067,"3,050","6,993",44%,Zac Goldsmith,546,1802,85,113,305,130,2981
5,Bexley,Brampton,Ward,Bexley & Bromley,E05000068,"3,311","6,902",48%,Zac Goldsmith,707,1779,115,137,352,158,3248
6,Bexley,Christchurch,Ward,Bexley & Bromley,E05000069,"2,854","6,920",41%,Zac Goldsmith,702,1443,143,113,256,155,2812
7,Bexley,Colyers,Ward,Bexley & Bromley,E05000070,"2,208","6,287",35%,Zac Goldsmith,581,999,62,78,295,156,2171
8,Bexley,Cray Meadows,Ward,Bexley & Bromley,E05000072,"2,693","6,958",39%,Zac Goldsmith,661,1367,96,100,249,172,2645
9,Bexley,Crayford,Ward,Bexley & Bromley,E05000071,"2,550","7,624",33%,Zac Goldsmith,687,1099,121,82,315,190,2494
10,Bexley,Danson Park,Ward,Bexley & Bromley,E05000073,"2,806","6,768",41%,Zac Goldsmith,634,1459,128,90,272,166,2749
11,Bexley,East Wickham,Ward,Bexley & Bromley,E05000074,"2,698","6,842",39%,Zac Goldsmith,680,1220,83,122,343,192,2640
12,Bexley,Erith,Ward,Bexley & Bromley,E05000075,"2,269","6,800",33%,Sadiq Aman Khan,861,783,78,75,238,185,2220
13,Bexley,Falconwood And Welling,Ward,Bexley & Bromley,E05000076,"3,000","6,991",43%,Zac Goldsmith,649,1513,104,138,319,216,2939
14,Bexley,Lesnes Abbey,Ward,Bexley & Bromley,E05000077,"2,542","6,743",38%,Zac Goldsmith,813,1078,72,72,257,192,2484
15,Bexley,Longlands,Ward,Bexley & Bromley,E05000078,"3,087","6,739",46%,Zac Goldsmith,720,1702,120,144,205,132,3023
16,Bexley,North End,Ward,Bexley & Bromley,E05000079,"1,986","6,801",29%,Sadiq Aman Khan,763,653,70,63,220,163,1932
17,Bexley,Northumberland Heath,Ward,Bexley & Bromley,E05000080,"2,686","6,884",39%,Zac Goldsmith,697,1252,97,106,276,194,2622
18,Bexley,Sidcup,Ward,Bexley & Bromley,E05000083,"3,343","7,221",46%,Zac Goldsmith,697,1886,176,143,246,133,3281
19,Bexley,St Mary's,Ward,Bexley & Bromley,E05000081,"3,278","7,064",46%,Zac Goldsmith,596,1959,153,125,261,134,3228
20,Bexley,St Michael's,Ward,Bexley & Bromley,E05000082,"2,826","7,024",40%,Zac Goldsmith,701,1402,80,119,302,162,2766
21,Bexley,Thamesmead East,Ward,Bexley & Bromley,E05000084,"1,962","6,279",31%,Sadiq Aman Khan,945,506,76,58,180,161,1926
22,Bromley,Bickley,Ward,Bexley & Bromley,E05000106,"4,531","9,300",49%,Zac Goldsmith,921,2714,199,240,186,195,4455
23,Bromley,Biggin Hill,Ward,Bexley & Bromley,E05000107,"2,901","6,679",43%,Zac Goldsmith,365,1835,83,115,322,128,2848
24,Bromley,Bromley Common And Keston,Ward,Bexley & Bromley,E05000108,"4,150","10,063",41%,Zac Goldsmith,966,2220,204,204,290,192,4076
25,Bromley,Bromley Town,Ward,Bexley & Bromley,E05000109,"4,742","10,765",44%,Zac Goldsmith,1580,1959,337,297,212,296,4681
26,Bromley,Chelsfield And Pratts Bottom,Ward,Bexley & Bromley,E05000110,"4,751","9,411",50%,Zac Goldsmith,912,2747,231,220,378,189,4677
27,Bromley,Chislehurst,Ward,Bexley & Bromley,E05000111,"4,384","9,599",46%,Zac Goldsmith,889,2646,189,200,223,171,4318
28,Bromley,Clock House,Ward,Bexley & Bromley,E05000112,"4,970","9,973",50%,Sadiq Aman Khan,2107,1598,438,285,176,303,4907
29,Bromley,Copers Cope,Ward,Bexley & Bromley,E05000113,"4,723","10,033",47%,Zac Goldsmith,1434,2264,271,281,172,228,4650
30,Bromley,Cray Valley East,Ward,Bexley & Bromley,E05000114,"3,036","9,085",33%,Zac Goldsmith,814,1317,138,163,334,210,2976
31,Bromley,Cray Valley West,Ward,Bexley & Bromley,E05000115,"3,099","10,021",31%,Zac Goldsmith,775,1358,132,133,413,227,3038
32,Bromley,Crystal Palace,Ward,Bexley & Bromley,E05000116,"3,289","7,610",43%,Sadiq Aman Khan,1754,609,358,175,90,256,3242
33,Bromley,Darwin,Ward,Bexley & Bromley,E05000117,"1,604","3,349",48%,Zac Goldsmith,203,1031,63,60,150,71,1578
34,Bromley,Farnborough And Crofton,Ward,Bexley & Bromley,E05000118,"4,838","9,565",51%,Zac Goldsmith,862,3048,168,221,286,193,4778
35,Bromley,Hayes And Coney Hall,Ward,Bexley & Bromley,E05000119,"5,067","10,504",48%,Zac Goldsmith,1026,2934,243,244,341,202,4990
36,Bromley,Kelsey And Eden Park,Ward,Bexley & Bromley,E05000120,"4,749","10,163",47%,Zac Goldsmith,1234,2414,232,315,239,240,4674
37,Bromley,Mottingham And Chislehurst North,Ward,Bexley & Bromley,E05000121,"2,288","6,165",37%,Zac Goldsmith,662,934,114,90,233,192,2225
38,Bromley,Orpington,Ward,Bexley & Bromley,E05000122,"4,516","9,958",45%,Zac Goldsmith,910,2505,169,252,372,220,4428
39,Bromley,Penge And Cator,Ward,Bexley & Bromley,E05000123,"4,822","10,381",46%,Sadiq Aman Khan,2325,1171,444,272,181,341,4734
40,Bromley,Petts Wood And Knoll,Ward,Bexley & Bromley,E05000124,"4,989","8,909",56%,Zac Goldsmith,879,3178,214,259,245,146,4921
41,Bromley,Plaistow And Sundridge,Ward,Bexley & Bromley,E05000125,"4,251","9,631",44%,Zac Goldsmith,1264,1888,248,272,249,256,4177
42,Bromley,Shortlands,Ward,Bexley & Bromley,E05000126,"3,262","6,289",52%,Zac Goldsmith,734,1935,151,166,100,130,3216
43,Bromley,West Wickham,Ward,Bexley & Bromley,E05000127,"4,914","9,857",50%,Zac Goldsmith,1023,2910,207,252,255,191,4838
44,Brent,Alperton,Ward,Brent & Harrow,E05000085,"4,622","9,734",47%,Sadiq Aman Khan,2291,1099,157,196,75,501,4319
45,Brent,Barnhill,Ward,Brent & Harrow,E05000086,"3,887","10,030",39%,Sadiq Aman Khan,1961,1158,159,104,58,336,3776
46,Brent,Brondesbury Park,Ward,Brent & Harrow,E05000087,"3,137","7,497",42%,Sadiq Aman Khan,1516,995,219,120,36,196,3082
47,Brent,Dollis Hill,Ward,Brent & Harrow,E05000088,"2,904","7,514",39%,Sadiq Aman Khan,1504,724,99,146,50,278,2801
48,Brent,Dudden Hill,Ward,Brent & Harrow,E05000089,"3,668","8,828",42%,Sadiq Aman Khan,1983,797,179,204,67,334,3564
49,Brent,Fryent,Ward,Brent & Harrow,E05000090,"3,210","8,122",40%,Sadiq Aman Khan,1445,1131,130,91,82,244,3123
50,Brent,Harlesden,Ward,Brent & Harrow,E05000091,"3,118","9,178",34%,Sadiq Aman Khan,2058,453,148,73,43,249,3024
51,Brent,Kensal Green,Ward,Brent & Harrow,E05000092,"3,246","8,142",40%,Sadiq Aman Khan,1863,665,217,127,45,241,3158
52,Brent,Kenton,Ward,Brent & Harrow,E05000093,"3,401","8,020",42%,Zac Goldsmith,1058,1811,120,96,48,181,3314
53,Brent,Kilburn,Ward,Brent & Harrow,E05000094,"4,185","9,921",42%,Sadiq Aman Khan,2490,760,285,164,80,305,4084
54,Brent,Mapesbury,Ward,Brent & Harrow,E05000095,"3,547","8,631",41%,Sadiq Aman Khan,1778,903,239,205,57,295,3477
55,Brent,Northwick Park,Ward,Brent & Harrow,E05000096,"3,436","8,521",40%,Sadiq Aman Khan,1449,1447,151,87,38,207,3379
56,Brent,Preston,Ward,Brent & Harrow,E05000097,"3,673","9,374",39%,Sadiq Aman Khan,1745,1247,136,104,62,261,3555
57,Brent,Queen's Park,Ward,Brent & Harrow,E05000098,"3,950","8,958",44%,Sadiq Aman Khan,1970,1076,293,152,62,309,3862
58,Brent,Queensbury,Ward,Brent & Harrow,E05000099,"3,989","9,782",41%,Sadiq Aman Khan,1733,1494,160,84,72,300,3843
59,Brent,Stonebridge,Ward,Brent & Harrow,E05000100,"3,432","10,042",34%,Sadiq Aman Khan,2292,460,109,67,51,302,3281
60,Brent,Sudbury,Ward,Brent & Harrow,E05000101,"3,694","8,706",42%,Sadiq Aman Khan,1882,1052,121,183,45,292,3575
61,Brent,Tokyngton,Ward,Brent & Harrow,E05000102,"3,827","10,304",37%,Sadiq Aman Khan,2024,988,177,105,38,360,3692
62,Brent,Welsh Harp,Ward,Brent & Harrow,E05000103,"3,137","8,217",38%,Sadiq Aman Khan,1489,893,121,90,105,329,3027
63,Brent,Wembley Central,Ward,Brent & Harrow,E05000104,"4,153","9,515",44%,Sadiq Aman Khan,2046,1114,145,147,56,443,3951
64,Brent,Willesden Green,Ward,Brent & Harrow,E05000105,"3,241","8,473",38%,Sadiq Aman Khan,1778,637,196,159,55,320,3145
65,Harrow,Belmont,Ward,Brent & Harrow,E05000285,"3,006","6,390",47%,Zac Goldsmith,799,1715,88,95,64,190,2951
66,Harrow,Canons,Ward,Brent & Harrow,E05000286,"3,219","7,517",43%,Zac Goldsmith,878,1929,94,97,50,129,3177
67,Harrow,Edgware,Ward,Brent & Harrow,E05000287,"2,805","6,856",41%,Sadiq Aman Khan,1177,1065,105,64,78,210,2699
68,Harrow,Greenhill,Ward,Brent & Harrow,E05000288,"2,623","6,725",39%,Sadiq Aman Khan,1120,942,144,109,46,220,2581
69,Harrow,Harrow On The Hill,Ward,Brent & Harrow,E05000289,"2,687","6,426",42%,Zac Goldsmith,1021,1108,137,99,56,186,2607
70,Harrow,Harrow Weald,Ward,Brent & Harrow,E05000290,"2,712","6,606",41%,Zac Goldsmith,833,1347,86,107,107,179,2659
71,Harrow,Hatch End,Ward,Brent & Harrow,E05000291,"3,209","6,820",47%,Zac Goldsmith,791,1893,113,114,71,155,3137
72,Harrow,Headstone North,Ward,Brent & Harrow,E05000292,"3,203","6,348",50%,Zac Goldsmith,1023,1643,137,137,80,144,3164
73,Harrow,Headstone South,Ward,Brent & Harrow,E05000293,"2,960","6,610",45%,Sadiq Aman Khan,1266,1042,181,150,61,190,2890
74,Harrow,Kenton East,Ward,Brent & Harrow,E05000294,"2,710","6,509",42%,Sadiq Aman Khan,1111,1052,69,75,67,211,2585
75,Harrow,Kenton West,Ward,Brent & Harrow,E05000295,"3,078","6,968",44%,Zac Goldsmith,991,1577,104,71,69,203,3015
76,Harrow,Marlborough,Ward,Brent & Harrow,E05000296,"2,854","6,956",41%,Sadiq Aman Khan,1380,879,143,89,63,245,2799
77,Harrow,Pinner,Ward,Brent & Harrow,E05000297,"2,915","6,403",46%,Zac Goldsmith,786,1641,126,123,61,131,2868
78,Harrow,Pinner South,Ward,Brent & Harrow,E05000298,"3,325","6,405",52%,Zac Goldsmith,901,1897,154,151,53,119,3275
79,Harrow,Queensbury,Ward,Brent & Harrow,E05000299,"2,867","6,705",43%,Sadiq Aman Khan,1181,1124,103,56,86,219,2769
80,Harrow,Rayners Lane,Ward,Brent & Harrow,E05000300,"3,087","6,424",48%,Zac Goldsmith,1174,1345,109,147,73,153,3001
81,Harrow,Roxbourne,Ward,Brent & Harrow,E05000301,"3,053","7,380",41%,Sadiq Aman Khan,1490,957,110,80,82,250,2969
82,Harrow,Roxeth,Ward,Brent & Harrow,E05000302,"2,869","6,716",43%,Sadiq Aman Khan,1332,945,99,73,80,216,2745
83,Harrow,Stanmore Park,Ward,Brent & Harrow,E05000303,"2,952","6,545",45%,Zac Goldsmith,694,1814,81,93,65,136,2883
84,Harrow,Wealdstone,Ward,Brent & Harrow,E05000304,"2,521","6,214",41%,Sadiq Aman Khan,1162,765,118,82,106,200,2433
85,Harrow,West Harrow,Ward,Brent & Harrow,E05000305,"2,964","6,325",47%,Sadiq Aman Khan,1233,1144,144,102,69,215,2907
86,Barnet,Brunswick Park,Ward,Barnet & Camden,E05000043,"3,959","9,545",41%,Zac Goldsmith,1532,1671,191,134,136,223,3887
87,Barnet,Burnt Oak,Ward,Barnet & Camden,E05000044,"3,002","8,900",34%,Sadiq Aman Khan,1581,753,104,89,141,249,2917
88,Barnet,Childs Hill,Ward,Barnet & Camden,E05000045,"4,067","9,245",44%,Zac Goldsmith,1421,1849,215,220,71,230,4006
89,Barnet,Colindale,Ward,Barnet & Camden,E05000046,"3,266","9,512",34%,Sadiq Aman Khan,1761,865,137,85,102,244,3194
90,Barnet,Coppetts,Ward,Barnet & Camden,E05000047,"4,073","9,390",43%,Sadiq Aman Khan,1936,1268,291,160,101,238,3994
91,Barnet,East Barnet,Ward,Barnet & Camden,E05000048,"3,876","9,259",42%,Zac Goldsmith,1347,1614,251,176,166,246,3800
92,Barnet,East Finchley,Ward,Barnet & Camden,E05000049,"4,528","9,017",50%,Sadiq Aman Khan,2287,1170,344,231,102,325,4459
93,Barnet,Edgware,Ward,Barnet & Camden,E05000050,"3,796","8,293",46%,Zac Goldsmith,883,2457,86,78,79,159,3742
94,Barnet,Finchley Church End,Ward,Barnet & Camden,E05000051,"4,307","8,662",50%,Zac Goldsmith,1024,2582,184,167,61,232,4250
95,Barnet,Garden Suburb,Ward,Barnet & Camden,E05000052,"4,458","8,248",54%,Zac Goldsmith,916,2893,173,188,37,189,4396
96,Barnet,Golders Green,Ward,Barnet & Camden,E05000053,"3,561","8,034",44%,Zac Goldsmith,923,2208,98,73,47,156,3505
97,Barnet,Hale,Ward,Barnet & Camden,E05000054,"4,013","8,884",45%,Zac Goldsmith,1291,2130,125,98,124,165,3933
98,Barnet,Hendon,Ward,Barnet & Camden,E05000055,"3,588","8,563",42%,Zac Goldsmith,867,2208,132,99,49,182,3537
99,Barnet,High Barnet,Ward,Barnet & Camden,E05000056,"4,833","9,324",52%,Zac Goldsmith,1572,2142,393,267,118,286,4778
100,Barnet,Mill Hill,Ward,Barnet & Camden,E05000057,"4,452","9,965",45%,Zac Goldsmith,1325,2427,172,163,99,204,4390
101,Barnet,Oakleigh,Ward,Barnet & Camden,E05000058,"4,273","9,510",45%,Zac Goldsmith,1256,2152,251,181,141,222,4203
102,Barnet,Totteridge,Ward,Barnet & Camden,E05000059,"3,692","7,824",47%,Zac Goldsmith,991,2069,163,188,55,181,3647
103,Barnet,Underhill,Ward,Barnet & Camden,E05000060,"4,159","9,263",45%,Sadiq Aman Khan,1667,1546,242,174,184,254,4067
104,Barnet,West Finchley,Ward,Barnet & Camden,E05000061,"3,842","8,159",47%,Sadiq Aman Khan,1626,1382,229,199,69,279,3784
105,Barnet,West Hendon,Ward,Barnet & Camden,E05000062,"3,255","8,332",39%,Zac Goldsmith,1212,1511,97,85,93,197,3195
106,Barnet,Woodhouse,Ward,Barnet & Camden,E05000063,"4,216","9,440",45%,Sadiq Aman Khan,1875,1450,304,146,103,267,4145
107,Camden,Belsize,Ward,Barnet & Camden,E05000128,"3,122","7,319",43%,Sadiq Aman Khan,1231,1185,232,217,53,159,3077
108,Camden,Bloomsbury,Ward,Barnet & Camden,E05000129,"2,144","5,473",39%,Sadiq Aman Khan,1097,517,205,107,50,122,2098
109,Camden,Camden Town With Primrose Hill,Ward,Barnet & Camden,E05000130,"3,433","7,947",43%,Sadiq Aman Khan,1750,846,370,132,48,207,3353
110,Camden,Cantelowes,Ward,Barnet & Camden,E05000131,"3,354","7,721",43%,Sadiq Aman Khan,2031,458,328,193,68,200,3278
111,Camden,Fortune Green,Ward,Barnet & Camden,E05000132,"3,181","7,451",43%,Sadiq Aman Khan,1471,935,267,237,48,169,3127
112,Camden,Frognal And Fitzjohns,Ward,Barnet & Camden,E05000133,"2,495","5,976",42%,Zac Goldsmith,769,1270,157,129,24,119,2468
113,Camden,Gospel Oak,Ward,Barnet & Camden,E05000134,"3,311","7,240",46%,Sadiq Aman Khan,1867,603,308,142,89,205,3214
114,Camden,Hampstead Town,Ward,Barnet & Camden,E05000135,"2,790","6,064",46%,Zac Goldsmith,1052,1119,229,164,28,151,2743
115,Camden,Haverstock,Ward,Barnet & Camden,E05000136,"3,312","7,761",43%,Sadiq Aman Khan,1936,537,292,172,85,225,3247
116,Camden,Highgate,Ward,Barnet & Camden,E05000137,"3,757","7,062",53%,Sadiq Aman Khan,1975,777,492,149,68,235,3696
117,Camden,Holborn And Covent Garden,Ward,Barnet & Camden,E05000138,"3,068","7,543",41%,Sadiq Aman Khan,1743,638,227,128,82,189,3007
118,Camden,Kentish Town,Ward,Barnet & Camden,E05000139,"4,292","8,888",48%,Sadiq Aman Khan,2614,510,564,154,73,289,4204
119,Camden,Kilburn,Ward,Barnet & Camden,E05000140,"2,989","7,613",39%,Sadiq Aman Khan,1681,575,208,183,71,201,2919
120,Camden,King's Cross,Ward,Barnet & Camden,E05000141,"2,383","5,972",40%,Sadiq Aman Khan,1477,374,183,80,43,151,2308
121,Camden,Regent's Park,Ward,Barnet & Camden,E05000142,"3,095","7,781",40%,Sadiq Aman Khan,1850,519,260,107,64,193,2993
122,Camden,St Pancras And Somers Town,Ward,Barnet & Camden,E05000143,"3,565","8,869",40%,Sadiq Aman Khan,2379,415,250,85,84,232,3445
123,Camden,Swiss Cottage,Ward,Barnet & Camden,E05000144,"3,077","7,516",41%,Sadiq Aman Khan,1313,1120,217,162,52,172,3036
124,Camden,West Hampstead,Ward,Barnet & Camden,E05000145,"3,358","7,737",43%,Sadiq Aman Khan,1612,941,277,216,55,203,3304
125,Barking & Dagenham,Abbey,Ward,City & East,E05000026,"2,727","7,483",36%,Sadiq Aman Khan,1818,464,95,37,70,177,2661
126,Barking & Dagenham,Alibon,Ward,City & East,E05000027,"1,686","6,093",28%,Sadiq Aman Khan,671,402,53,36,303,172,1637
127,Barking & Dagenham,Becontree,Ward,City & East,E05000028,"2,399","7,584",32%,Sadiq Aman Khan,1164,490,92,61,257,232,2296
128,Barking & Dagenham,Chadwell Heath,Ward,City & East,E05000029,"2,090","6,070",34%,Sadiq Aman Khan,940,589,67,43,196,205,2040
129,Barking & Dagenham,Eastbrook,Ward,City & East,E05000030,"2,009","6,566",31%,Sadiq Aman Khan,693,659,55,72,319,158,1956
130,Barking & Dagenham,Eastbury,Ward,City & East,E05000031,"2,080","6,590",32%,Sadiq Aman Khan,1095,394,69,49,225,189,2021
131,Barking & Dagenham,Gascoigne,Ward,City & East,E05000032,"1,992","5,577",36%,Sadiq Aman Khan,1261,288,71,43,103,156,1922
132,Barking & Dagenham,Goresbrook,Ward,City & East,E05000033,"1,834","6,518",28%,Sadiq Aman Khan,821,417,55,43,266,166,1768
133,Barking & Dagenham,Heath,Ward,City & East,E05000034,"1,870","6,329",30%,Sadiq Aman Khan,826,426,56,45,284,167,1804
134,Barking & Dagenham,Longbridge,Ward,City & East,E05000035,"2,995","7,048",42%,Sadiq Aman Khan,1767,699,76,76,130,181,2929
135,Barking & Dagenham,Mayesbrook,Ward,City & East,E05000036,"1,638","6,001",27%,Sadiq Aman Khan,711,361,49,41,243,153,1558
136,Barking & Dagenham,Parsloes,Ward,City & East,E05000037,"1,617","5,717",28%,Sadiq Aman Khan,675,397,51,48,213,171,1555
137,Barking & Dagenham,River,Ward,City & East,E05000038,"1,719","5,899",29%,Sadiq Aman Khan,814,353,57,49,216,171,1660
138,Barking & Dagenham,Thames,Ward,City & East,E05000039,"2,240","6,549",34%,Sadiq Aman Khan,1307,386,63,35,194,157,2142
139,Barking & Dagenham,Valence,Ward,City & East,E05000040,"1,800","6,209",29%,Sadiq Aman Khan,844,398,60,41,238,166,1747
140,Barking & Dagenham,Village,Ward,City & East,E05000041,"1,927","6,271",31%,Sadiq Aman Khan,808,484,57,36,294,172,1851
141,Barking & Dagenham,Whalebone,Ward,City & East,E05000042,"2,135","6,235",34%,Sadiq Aman Khan,939,646,88,61,187,151,2072
142,City of London,City,Ward,City & East,E09000001,"2,201","4,525",49%,Sadiq Aman Khan,879,812,178,132,36,136,2173
143,Newham,Beckton,Ward,City & East,E05000475,"2,379","8,028",30%,Sadiq Aman Khan,1293,497,114,70,107,223,2304
144,Newham,Boleyn,Ward,City & East,E05000476,"3,528","8,161",43%,Sadiq Aman Khan,2423,528,116,70,51,223,3411
145,Newham,Canning Town North,Ward,City & East,E05000477,"2,930","8,594",34%,Sadiq Aman Khan,1729,490,141,60,140,253,2813
146,Newham,Canning Town South,Ward,City & East,E05000478,"2,853","9,056",32%,Sadiq Aman Khan,1540,597,120,82,174,272,2785
147,Newham,Custom House,Ward,City & East,E05000479,"2,170","7,227",30%,Sadiq Aman Khan,1168,453,81,66,109,209,2086
148,Newham,East Ham Central,Ward,City & East,E05000480,"3,669","8,381",44%,Sadiq Aman Khan,2570,582,113,45,55,191,3556
149,Newham,East Ham North,Ward,City & East,E05000481,"3,865","7,892",49%,Sadiq Aman Khan,2810,523,105,43,29,208,3718
150,Newham,East Ham South,Ward,City & East,E05000482,"3,265","8,186",40%,Sadiq Aman Khan,2122,486,132,56,141,235,3172
151,Newham,Forest Gate North,Ward,City & East,E05000483,"3,525","8,539",41%,Sadiq Aman Khan,2238,507,272,95,79,251,3442
152,Newham,Forest Gate South,Ward,City & East,E05000484,"3,575","9,004",40%,Sadiq Aman Khan,2359,497,209,85,50,280,3480
153,Newham,Green Street East,Ward,City & East,E05000485,"3,786","8,150",46%,Sadiq Aman Khan,2665,586,94,50,33,259,3687
154,Newham,Green Street West,Ward,City & East,E05000486,"3,475","8,003",43%,Sadiq Aman Khan,2540,469,95,39,28,194,3365
155,Newham,Little Ilford,Ward,City & East,E05000487,"3,576","8,463",42%,Sadiq Aman Khan,2656,411,96,51,61,178,3453
156,Newham,Manor Park,Ward,City & East,E05000488,"3,353","7,991",42%,Sadiq Aman Khan,2402,387,136,42,32,240,3239
157,Newham,Plaistow North,Ward,City & East,E05000489,"3,109","8,001",39%,Sadiq Aman Khan,2101,453,113,50,62,228,3007
158,Newham,Plaistow South,Ward,City & East,E05000490,"3,240","8,315",39%,Sadiq Aman Khan,2015,561,144,76,89,285,3170
159,Newham,Royal Docks,Ward,City & East,E05000491,"2,148","6,438",33%,Sadiq Aman Khan,1136,525,141,65,81,168,2116
160,Newham,Stratford And New Town,Ward,City & East,E05000492,"5,140","13,674",38%,Sadiq Aman Khan,2993,937,427,212,106,352,5027
161,Newham,Wall End,Ward,City & East,E05000493,"3,805","8,176",47%,Sadiq Aman Khan,2591,664,93,59,60,240,3707
162,Newham,West Ham,Ward,City & East,E05000494,"3,025","8,084",37%,Sadiq Aman Khan,1791,555,163,84,100,236,2929
163,Tower Hamlets,Bethnal Green,Ward,City & East,E05009317,"5,263","11,124",47%,Sadiq Aman Khan,3413,565,493,159,131,366,5127
164,Tower Hamlets,Blackwall And Cubitt Town,Ward,City & East,E05009318,"2,651","7,071",37%,Sadiq Aman Khan,1184,854,156,117,99,177,2587
165,Tower Hamlets,Bow East,Ward,City & East,E05009319,"4,506","10,308",44%,Sadiq Aman Khan,2689,626,447,185,144,320,4411
166,Tower Hamlets,Bow West,Ward,City & East,E05009320,"3,762","7,488",50%,Sadiq Aman Khan,2160,636,365,152,115,246,3674
167,Tower Hamlets,Bromley North,Ward,City & East,E05009321,"2,401","5,593",43%,Sadiq Aman Khan,1625,212,164,54,45,191,2291
168,Tower Hamlets,Bromley South,Ward,City & East,E05009322,"2,936","6,530",45%,Sadiq Aman Khan,1992,330,166,75,56,201,2820
169,Tower Hamlets,Canary Wharf,Ward,City & East,E05009323,"2,052","6,621",31%,Sadiq Aman Khan,996,623,112,94,40,143,2008
170,Tower Hamlets,Island Gardens,Ward,City & East,E05009324,"2,917","7,313",40%,Sadiq Aman Khan,1292,963,190,119,91,191,2846
171,Tower Hamlets,Lansbury,Ward,City & East,E05009325,"3,904","9,430",41%,Sadiq Aman Khan,2483,484,208,107,135,337,3754
172,Tower Hamlets,Limehouse,Ward,City & East,E05009326,"1,574","3,517",45%,Sadiq Aman Khan,700,507,114,88,30,99,1538
173,Tower Hamlets,Mile End,Ward,City & East,E05009327,"4,349","10,160",43%,Sadiq Aman Khan,2902,446,290,122,86,334,4180
174,Tower Hamlets,Poplar,Ward,City & East,E05009328,"1,385","3,396",41%,Sadiq Aman Khan,930,144,66,39,35,109,1323
175,Tower Hamlets,Shadwell,Ward,City & East,E05009332,"3,094","6,566",47%,Sadiq Aman Khan,2178,297,157,58,54,220,2964
176,Tower Hamlets,Spitalfields And Banglatown,Ward,City & East,E05009333,"2,807","6,714",42%,Sadiq Aman Khan,1818,342,217,80,20,226,2703
177,Tower Hamlets,St. Dunstan`S,Ward,City & East,E05009329,"3,379","7,121",47%,Sadiq Aman Khan,2399,318,188,76,42,253,3276
178,Tower Hamlets,St. Katharine`S And Wapping,Ward,City & East,E05009330,"2,872","6,317",45%,Sadiq Aman Khan,1238,955,222,189,46,174,2824
179,Tower Hamlets,St. Peter`S BG,Ward,City & East,E05009331,"4,710","10,227",46%,Sadiq Aman Khan,3093,450,493,129,73,339,4577
180,Tower Hamlets,Stepney Green,Ward,City & East,E05009334,"3,208","6,840",47%,Sadiq Aman Khan,2208,329,201,76,56,232,3102
181,Tower Hamlets,Weavers,Ward,City & East,E05009335,"3,007","7,007",43%,Sadiq Aman Khan,1831,367,316,106,72,243,2935
182,Tower Hamlets,Whitechapel,Ward,City & East,E05009336,"3,568","8,446",42%,Sadiq Aman Khan,2301,491,248,130,30,259,3459
183,Croydon,Addiscombe,Ward,Croydon & Sutton,E05000146,"3,874","9,743",40%,Sadiq Aman Khan,1754,1162,305,180,153,247,3801
184,Croydon,Ashburton,Ward,Croydon & Sutton,E05000147,"3,940","8,917",44%,Zac Goldsmith,1438,1705,195,144,187,199,3868
185,Croydon,Bensham Manor,Ward,Croydon & Sutton,E05000148,"3,589","9,339",38%,Sadiq Aman Khan,2184,785,139,75,83,218,3484
186,Croydon,Broad Green,Ward,Croydon & Sutton,E05000149,"3,856","10,747",36%,Sadiq Aman Khan,2311,812,162,93,125,244,3747
187,Croydon,Coulsdon East,Ward,Croydon & Sutton,E05000150,"3,446","7,693",45%,Zac Goldsmith,668,1928,163,247,211,170,3387
188,Croydon,Coulsdon West,Ward,Croydon & Sutton,E05000151,"3,496","8,448",41%,Zac Goldsmith,842,1976,165,140,153,157,3433
189,Croydon,Croham,Ward,Croydon & Sutton,E05000152,"4,135","9,209",45%,Zac Goldsmith,1410,1830,235,278,115,195,4063
190,Croydon,Fairfield,Ward,Croydon & Sutton,E05000153,"3,789","10,033",38%,Zac Goldsmith,1474,1523,231,187,101,219,3735
191,Croydon,Fieldway,Ward,Croydon & Sutton,E05000154,"1,635","6,149",27%,Sadiq Aman Khan,767,405,53,38,176,137,1576
192,Croydon,Heathfield,Ward,Croydon & Sutton,E05000155,"3,587","8,291",43%,Zac Goldsmith,946,1922,156,139,189,173,3525
193,Croydon,Kenley,Ward,Croydon & Sutton,E05000156,"3,750","8,889",42%,Zac Goldsmith,886,2092,183,167,174,186,3688
194,Croydon,New Addington,Ward,Croydon & Sutton,E05000157,"1,697","6,153",28%,Sadiq Aman Khan,648,529,47,52,226,151,1653
195,Croydon,Norbury,Ward,Croydon & Sutton,E05000158,"4,090","9,669",42%,Sadiq Aman Khan,2141,1161,226,137,84,268,4017
196,Croydon,Purley,Ward,Croydon & Sutton,E05000159,"3,793","8,856",43%,Zac Goldsmith,1065,2077,165,155,101,156,3719
197,Croydon,Sanderstead,Ward,Croydon & Sutton,E05000160,"4,012","8,200",49%,Zac Goldsmith,808,2480,185,191,162,123,3949
198,Croydon,Selhurst,Ward,Croydon & Sutton,E05000161,"3,398","10,124",34%,Sadiq Aman Khan,2001,681,179,98,95,244,3298
199,Croydon,Selsdon And Ballards,Ward,Croydon & Sutton,E05000162,"3,779","7,706",49%,Zac Goldsmith,715,2315,183,154,182,136,3685
200,Croydon,Shirley,Ward,Croydon & Sutton,E05000163,"4,103","8,876",46%,Zac Goldsmith,1199,2188,146,129,179,183,4024
201,Croydon,South Norwood,Ward,Croydon & Sutton,E05000164,"4,111","9,814",42%,Sadiq Aman Khan,2278,875,340,196,97,237,4023
202,Croydon,Thornton Heath,Ward,Croydon & Sutton,E05000165,"3,579","9,453",38%,Sadiq Aman Khan,2171,723,182,95,73,242,3486
203,Croydon,Upper Norwood,Ward,Croydon & Sutton,E05000166,"4,085","9,613",42%,Sadiq Aman Khan,2203,1010,315,139,89,260,4016
204,Croydon,Waddon,Ward,Croydon & Sutton,E05000167,"3,386","9,579",35%,Sadiq Aman Khan,1477,1132,199,120,166,230,3324
205,Croydon,West Thornton,Ward,Croydon & Sutton,E05000168,"3,792","9,522",40%,Sadiq Aman Khan,2325,827,119,92,75,232,3670
206,Croydon,Woodside,Ward,Croydon & Sutton,E05000169,"3,569","9,588",37%,Sadiq Aman Khan,2015,836,212,126,111,204,3504
207,Sutton,Beddington North,Ward,Croydon & Sutton,E05000555,"2,507","6,538",38%,Zac Goldsmith,795,985,127,232,162,143,2444
208,Sutton,Beddington South,Ward,Croydon & Sutton,E05000556,"2,518","6,732",37%,Zac Goldsmith,639,1143,77,308,175,138,2480
209,Sutton,Belmont,Ward,Croydon & Sutton,E05000557,"2,845","6,238",46%,Zac Goldsmith,699,1568,123,188,102,133,2813
210,Sutton,Carshalton Central,Ward,Croydon & Sutton,E05000558,"3,096","6,678",46%,Zac Goldsmith,871,1302,167,424,153,135,3052
211,Sutton,Carshalton South And Clockhouse,Ward,Croydon & Sutton,E05000559,"3,016","6,320",48%,Zac Goldsmith,730,1470,116,396,146,123,2981
212,Sutton,Cheam,Ward,Croydon & Sutton,E05000560,"3,020","6,482",47%,Zac Goldsmith,692,1720,93,248,107,111,2971
213,Sutton,Nonsuch,Ward,Croydon & Sutton,E05000561,"3,172","6,815",47%,Zac Goldsmith,726,1603,100,340,200,151,3120
214,Sutton,St Helier,Ward,Croydon & Sutton,E05000562,"1,987","7,012",28%,Sadiq Aman Khan,709,564,69,196,225,175,1938
215,Sutton,Stonecot,Ward,Croydon & Sutton,E05000563,"2,914","6,909",42%,Zac Goldsmith,825,1361,92,224,209,150,2861
216,Sutton,Sutton Central,Ward,Croydon & Sutton,E05000564,"2,624","7,039",37%,Sadiq Aman Khan,948,826,155,318,173,164,2584
217,Sutton,Sutton North,Ward,Croydon & Sutton,E05000565,"2,599","6,473",40%,Zac Goldsmith,730,1070,95,318,217,127,2557
218,Sutton,Sutton South,Ward,Croydon & Sutton,E05000566,"2,400","6,004",40%,Zac Goldsmith,720,983,125,309,101,128,2366
219,Sutton,Sutton West,Ward,Croydon & Sutton,E05000567,"2,800","6,651",42%,Zac Goldsmith,852,1212,114,324,115,137,2754
220,Sutton,The Wrythe,Ward,Croydon & Sutton,E05000568,"2,350","6,590",36%,Zac Goldsmith,650,910,110,312,184,132,2298
221,Sutton,Wallington North,Ward,Croydon & Sutton,E05000569,"2,911","7,006",42%,Zac Goldsmith,833,1128,129,421,190,153,2854
222,Sutton,Wallington South,Ward,Croydon & Sutton,E05000570,"2,801","6,620",42%,Zac Goldsmith,751,1185,147,383,140,143,2749
223,Sutton,Wandle Valley,Ward,Croydon & Sutton,E05000571,"2,229","7,142",31%,Sadiq Aman Khan,735,653,117,297,211,181,2194
224,Sutton,Worcester Park,Ward,Croydon & Sutton,E05000572,"3,218","7,461",43%,Zac Goldsmith,865,1514,145,290,169,184,3167
225,Ealing,Acton Central,Ward,Ealing & Hillingdon,E05000170,"3,903","8,763",45%,Sadiq Aman Khan,1881,1101,281,135,85,307,3790
226,Ealing,Cleveland,Ward,Ealing & Hillingdon,E05000171,"4,712","9,243",51%,Sadiq Aman Khan,1872,1739,307,279,80,327,4604
227,Ealing,Dormers Wells,Ward,Ealing & Hillingdon,E05000172,"4,030","8,847",46%,Sadiq Aman Khan,2445,801,126,52,57,308,3789
228,Ealing,Ealing Broadway,Ward,Ealing & Hillingdon,E05000173,"4,279","9,048",47%,Zac Goldsmith,1464,1866,307,237,73,279,4226
229,Ealing,Ealing Common,Ward,Ealing & Hillingdon,E05000174,"4,021","8,782",46%,Zac Goldsmith,1489,1497,279,308,86,294,3953
230,Ealing,East Acton,Ward,Ealing & Hillingdon,E05000175,"4,212","10,992",38%,Sadiq Aman Khan,2162,1014,289,143,75,400,4083
231,Ealing,Elthorne,Ward,Ealing & Hillingdon,E05000176,"4,375","9,680",45%,Sadiq Aman Khan,2079,1145,368,212,94,378,4276
232,Ealing,Greenford Broadway,Ward,Ealing & Hillingdon,E05000177,"4,409","11,217",39%,Sadiq Aman Khan,2273,1012,146,88,178,493,4190
233,Ealing,Greenford Green,Ward,Ealing & Hillingdon,E05000178,"3,909","9,507",41%,Sadiq Aman Khan,1624,1267,156,125,136,468,3776
234,Ealing,Hanger Hill,Ward,Ealing & Hillingdon,E05000179,"3,994","8,874",45%,Zac Goldsmith,1280,1832,245,186,65,328,3936
235,Ealing,Hobbayne,Ward,Ealing & Hillingdon,E05000180,"4,321","9,223",47%,Sadiq Aman Khan,2105,1144,276,170,124,380,4199
236,Ealing,Lady Margaret,Ward,Ealing & Hillingdon,E05000181,"4,070","9,301",44%,Sadiq Aman Khan,2347,885,124,69,65,362,3852
237,Ealing,North Greenford,Ward,Ealing & Hillingdon,E05000183,"4,118","9,546",43%,Sadiq Aman Khan,1783,1361,151,122,134,419,3970
238,Ealing,Northfield,Ward,Ealing & Hillingdon,E05000182,"4,572","8,655",53%,Sadiq Aman Khan,1855,1554,435,270,66,292,4472
239,Ealing,Northolt Mandeville,Ward,Ealing & Hillingdon,E05000184,"3,734","9,661",39%,Sadiq Aman Khan,1671,1065,148,114,191,377,3566
240,Ealing,Northolt West End,Ward,Ealing & Hillingdon,E05000185,"3,792","9,598",40%,Sadiq Aman Khan,1940,893,116,88,217,377,3631
241,Ealing,Norwood Green,Ward,Ealing & Hillingdon,E05000186,"3,597","8,599",42%,Sadiq Aman Khan,2135,806,103,76,66,270,3456
242,Ealing,Perivale,Ward,Ealing & Hillingdon,E05000187,"4,127","9,922",42%,Sadiq Aman Khan,1721,1329,179,98,143,500,3970
243,Ealing,South Acton,Ward,Ealing & Hillingdon,E05000188,"3,947","8,878",44%,Sadiq Aman Khan,1855,1163,239,161,73,336,3827
244,Ealing,Southall Broadway,Ward,Ealing & Hillingdon,E05000189,"4,392","9,004",49%,Sadiq Aman Khan,3000,646,96,60,50,283,4135
245,Ealing,Southall Green,Ward,Ealing & Hillingdon,E05000190,"4,486","9,571",47%,Sadiq Aman Khan,3083,630,95,63,57,318,4246
246,Ealing,Southfield,Ward,Ealing & Hillingdon,E05000191,"4,514","8,694",52%,Zac Goldsmith,1459,1960,293,413,63,254,4442
247,Ealing,Walpole,Ward,Ealing & Hillingdon,E05000192,"4,632","8,546",54%,Sadiq Aman Khan,2006,1549,366,264,79,295,4559
248,Hillingdon,Barnhill,Ward,Ealing & Hillingdon,E05000324,"3,243","6,713",48%,Sadiq Aman Khan,1805,855,94,41,102,236,3133
249,Hillingdon,Botwell,Ward,Ealing & Hillingdon,E05000325,"3,478","11,306",31%,Sadiq Aman Khan,1944,869,97,74,152,258,3394
250,Hillingdon,Brunel,Ward,Ealing & Hillingdon,E05000326,"2,187","7,188",30%,Zac Goldsmith,675,990,113,61,144,158,2141
251,Hillingdon,Cavendish,Ward,Ealing & Hillingdon,E05000327,"3,614","7,519",48%,Zac Goldsmith,747,2109,165,167,171,188,3547
252,Hillingdon,Charville,Ward,Ealing & Hillingdon,E05000328,"3,074","8,035",38%,Zac Goldsmith,1152,1264,80,67,201,190,2954
253,Hillingdon,Eastcote And East Ruislip,Ward,Ealing & Hillingdon,E05000329,"4,387","8,467",52%,Zac Goldsmith,828,2772,202,173,152,177,4304
254,Hillingdon,Harefield,Ward,Ealing & Hillingdon,E05000330,"1,783","4,990",36%,Zac Goldsmith,310,928,75,60,224,138,1735
255,Hillingdon,Heathrow Villages,Ward,Ealing & Hillingdon,E05000331,"2,349","7,348",32%,Sadiq Aman Khan,934,869,81,46,157,199,2286
256,Hillingdon,Hillingdon East,Ward,Ealing & Hillingdon,E05000332,"2,974","7,889",38%,Zac Goldsmith,896,1395,114,106,201,185,2897
257,Hillingdon,Ickenham,Ward,Ealing & Hillingdon,E05000333,"3,486","6,840",51%,Zac Goldsmith,617,2203,160,136,170,149,3435
258,Hillingdon,Manor,Ward,Ealing & Hillingdon,E05000334,"3,610","7,524",48%,Zac Goldsmith,735,2076,183,159,212,178,3543
259,Hillingdon,Northwood,Ward,Ealing & Hillingdon,E05000335,"3,081","6,886",45%,Zac Goldsmith,687,1883,131,113,74,142,3030
260,Hillingdon,Northwood Hills,Ward,Ealing & Hillingdon,E05000336,"3,000","7,403",41%,Zac Goldsmith,748,1672,148,83,122,164,2937
261,Hillingdon,Pinkwell,Ward,Ealing & Hillingdon,E05000337,"3,164","8,890",36%,Sadiq Aman Khan,1710,870,72,50,118,241,3061
262,Hillingdon,South Ruislip,Ward,Ealing & Hillingdon,E05000338,"2,833","7,827",36%,Zac Goldsmith,799,1336,154,113,189,185,2776
263,Hillingdon,Townfield,Ward,Ealing & Hillingdon,E05000339,"3,417","9,022",38%,Sadiq Aman Khan,1963,793,78,65,156,262,3317
264,Hillingdon,Uxbridge North,Ward,Ealing & Hillingdon,E05000340,"3,280","8,241",40%,Zac Goldsmith,833,1770,161,118,158,170,3210
265,Hillingdon,Uxbridge South,Ward,Ealing & Hillingdon,E05000341,"2,744","7,503",37%,Zac Goldsmith,947,1040,189,117,205,182,2680
266,Hillingdon,West Drayton,Ward,Ealing & Hillingdon,E05000342,"3,235","9,512",34%,Zac Goldsmith,1128,1292,105,93,297,257,3172
267,Hillingdon,West Ruislip,Ward,Ealing & Hillingdon,E05000343,"3,235","7,490",43%,Zac Goldsmith,666,1931,130,130,183,144,3184
268,Hillingdon,Yeading,Ward,Ealing & Hillingdon,E05000344,"3,096","8,001",39%,Sadiq Aman Khan,1634,821,80,63,117,286,3001
269,Hillingdon,Yiewsley,Ward,Ealing & Hillingdon,E05000345,"2,522","8,183",31%,Zac Goldsmith,867,908,147,75,245,225,2467
270,Enfield,Bowes,Ward,Enfield & Haringey,E05000193,"3,469","8,254",42%,Sadiq Aman Khan,1955,730,270,104,56,254,3369
271,Enfield,Bush Hill Park,Ward,Enfield & Haringey,E05000194,"3,927","9,173",43%,Zac Goldsmith,1456,1690,192,162,151,176,3827
272,Enfield,Chase,Ward,Enfield & Haringey,E05000195,"3,507","8,539",41%,Zac Goldsmith,1321,1408,172,123,173,200,3397
273,Enfield,Cockfosters,Ward,Enfield & Haringey,E05000196,"3,699","8,745",42%,Zac Goldsmith,1055,2007,126,144,80,210,3622
274,Enfield,Edmonton Green,Ward,Enfield & Haringey,E05000197,"3,444","9,563",36%,Sadiq Aman Khan,2306,473,117,65,86,205,3252
275,Enfield,Enfield Highway,Ward,Enfield & Haringey,E05000198,"2,988","9,062",33%,Sadiq Aman Khan,1650,710,95,58,165,203,2881
276,Enfield,Enfield Lock,Ward,Enfield & Haringey,E05000199,"3,240","9,379",35%,Sadiq Aman Khan,1839,712,107,72,188,217,3135
277,Enfield,Grange,Ward,Enfield & Haringey,E05000200,"4,088","8,649",47%,Zac Goldsmith,1158,2181,217,156,125,184,4021
278,Enfield,Haselbury,Ward,Enfield & Haringey,E05000201,"3,338","9,094",37%,Sadiq Aman Khan,1993,652,125,82,105,236,3193
279,Enfield,Highlands,Ward,Enfield & Haringey,E05000202,"3,929","8,500",46%,Zac Goldsmith,1133,2058,220,147,133,163,3854
280,Enfield,Jubilee,Ward,Enfield & Haringey,E05000203,"3,104","8,200",38%,Sadiq Aman Khan,1745,706,92,78,153,227,3001
281,Enfield,Lower Edmonton,Ward,Enfield & Haringey,E05000204,"3,254","9,000",36%,Sadiq Aman Khan,2021,557,107,74,114,242,3115
282,Enfield,Palmers Green,Ward,Enfield & Haringey,E05000205,"3,746","9,269",40%,Sadiq Aman Khan,1911,1032,236,137,90,249,3655
283,Enfield,Ponders End,Ward,Enfield & Haringey,E05000206,"2,881","8,307",35%,Sadiq Aman Khan,1821,496,94,57,107,184,2759
284,Enfield,Southbury,Ward,Enfield & Haringey,E05000207,"3,152","8,586",37%,Sadiq Aman Khan,1605,852,152,100,150,207,3066
285,Enfield,Southgate,Ward,Enfield & Haringey,E05000208,"3,747","8,845",42%,Zac Goldsmith,1436,1483,225,179,103,229,3655
286,Enfield,Southgate Green,Ward,Enfield & Haringey,E05000209,"3,777","8,474",45%,Sadiq Aman Khan,1557,1460,210,173,73,218,3691
287,Enfield,Town,Ward,Enfield & Haringey,E05000210,"4,456","9,665",46%,Zac Goldsmith,1431,2063,256,189,203,240,4382
288,Enfield,Turkey Street,Ward,Enfield & Haringey,E05000211,"2,869","8,124",35%,Sadiq Aman Khan,1478,753,124,70,141,182,2748
289,Enfield,Upper Edmonton,Ward,Enfield & Haringey,E05000212,"3,722","9,671",38%,Sadiq Aman Khan,2365,644,153,69,87,264,3582
290,Enfield,Winchmore Hill,Ward,Enfield & Haringey,E05000213,"4,111","8,716",47%,Zac Goldsmith,1560,1784,241,185,96,198,4064
291,Haringey,Alexandra,Ward,Enfield & Haringey,E05000266,"4,019","7,037",57%,Sadiq Aman Khan,2063,906,434,306,38,222,3969
292,Haringey,Bounds Green,Ward,Enfield & Haringey,E05000267,"3,179","7,512",42%,Sadiq Aman Khan,1883,521,292,159,39,207,3101
293,Haringey,Bruce Grove,Ward,Enfield & Haringey,E05000268,"2,994","7,787",38%,Sadiq Aman Khan,1953,291,276,68,38,239,2865
294,Haringey,Crouch End,Ward,Enfield & Haringey,E05000269,"4,191","7,838",53%,Sadiq Aman Khan,2224,841,402,348,31,293,4139
295,Haringey,Fortis Green,Ward,Enfield & Haringey,E05000270,"3,887","7,296",53%,Sadiq Aman Khan,1918,954,308,328,44,279,3831
296,Haringey,Harringay,Ward,Enfield & Haringey,E05000271,"3,683","7,734",48%,Sadiq Aman Khan,2220,435,468,209,30,256,3618
297,Haringey,Highgate,Ward,Enfield & Haringey,E05000272,"3,350","6,427",52%,Sadiq Aman Khan,1495,1033,299,270,37,164,3298
298,Haringey,Hornsey,Ward,Enfield & Haringey,E05000273,"3,768","7,687",49%,Sadiq Aman Khan,2396,456,392,185,33,244,3706
299,Haringey,Muswell Hill,Ward,Enfield & Haringey,E05000274,"3,796","6,620",57%,Sadiq Aman Khan,1973,843,328,302,27,261,3734
300,Haringey,Noel Park,Ward,Enfield & Haringey,E05000275,"2,862","7,645",37%,Sadiq Aman Khan,1783,351,235,144,46,205,2764
301,Haringey,Northumberland Park,Ward,Enfield & Haringey,E05000276,"2,654","7,564",35%,Sadiq Aman Khan,1913,225,117,54,42,186,2537
302,Haringey,Seven Sisters,Ward,Enfield & Haringey,E05000278,"3,416","8,643",40%,Sadiq Aman Khan,2072,518,356,69,34,236,3285
303,Haringey,St Ann's,Ward,Enfield & Haringey,E05000277,"3,376","7,827",43%,Sadiq Aman Khan,2181,372,379,94,37,220,3283
304,Haringey,Stroud Green,Ward,Enfield & Haringey,E05000279,"4,193","7,850",53%,Sadiq Aman Khan,2674,458,462,199,40,293,4126
305,Haringey,Tottenham Green,Ward,Enfield & Haringey,E05000280,"3,431","8,661",40%,Sadiq Aman Khan,2271,328,343,91,32,231,3296
306,Haringey,Tottenham Hale,Ward,Enfield & Haringey,E05000281,"3,274","8,833",37%,Sadiq Aman Khan,2187,406,184,92,49,212,3130
307,Haringey,West Green,Ward,Enfield & Haringey,E05000282,"3,166","7,688",41%,Sadiq Aman Khan,2103,392,258,75,31,206,3065
308,Haringey,White Hart Lane,Ward,Enfield & Haringey,E05000283,"2,600","7,428",35%,Sadiq Aman Khan,1719,297,125,58,71,183,2453
309,Haringey,Woodside,Ward,Enfield & Haringey,E05000284,"3,024","7,725",39%,Sadiq Aman Khan,1843,432,221,139,55,217,2907
310,Greenwich,Abbey Wood,Ward,Greenwich & Lewisham,E05000214,"2,983","9,202",32%,Sadiq Aman Khan,1510,672,122,90,251,236,2881
311,Greenwich,Blackheath Westcombe,Ward,Greenwich & Lewisham,E05000215,"4,295","8,196",52%,Sadiq Aman Khan,1871,1381,379,245,117,240,4233
312,Greenwich,Charlton,Ward,Greenwich & Lewisham,E05000216,"3,774","8,918",42%,Sadiq Aman Khan,1986,796,316,174,169,253,3694
313,Greenwich,Coldharbour And New Eltham,Ward,Greenwich & Lewisham,E05000217,"3,236","8,273",39%,Zac Goldsmith,914,1509,145,128,263,202,3161
314,Greenwich,Eltham North,Ward,Greenwich & Lewisham,E05000218,"4,367","8,528",51%,Zac Goldsmith,1462,1848,241,208,271,234,4264
315,Greenwich,Eltham South,Ward,Greenwich & Lewisham,E05000219,"3,205","7,616",42%,Zac Goldsmith,960,1509,134,169,203,187,3162
316,Greenwich,Eltham West,Ward,Greenwich & Lewisham,E05000220,"2,516","7,445",34%,Sadiq Aman Khan,1074,669,122,93,273,214,2445
317,Greenwich,Glyndon,Ward,Greenwich & Lewisham,E05000221,"3,580","9,598",37%,Sadiq Aman Khan,2103,629,231,119,172,230,3484
318,Greenwich,Greenwich West,Ward,Greenwich & Lewisham,E05000222,"5,153","11,597",44%,Sadiq Aman Khan,2538,1236,483,320,122,377,5076
319,Greenwich,Kidbrooke With Hornfair,Ward,Greenwich & Lewisham,E05000223,"2,977","8,558",35%,Sadiq Aman Khan,1322,869,162,111,201,230,2895
320,Greenwich,Middle Park And Sutcliffe,Ward,Greenwich & Lewisham,E05000224,"3,207","8,180",39%,Sadiq Aman Khan,1397,948,161,160,251,233,3150
321,Greenwich,Peninsula,Ward,Greenwich & Lewisham,E05000225,"4,433","10,688",41%,Sadiq Aman Khan,2091,1113,431,240,146,324,4345
322,Greenwich,Plumstead,Ward,Greenwich & Lewisham,E05000226,"3,325","9,145",36%,Sadiq Aman Khan,1807,695,167,112,208,242,3231
323,Greenwich,Shooters Hill,Ward,Greenwich & Lewisham,E05000227,"3,726","8,423",44%,Sadiq Aman Khan,1748,1017,266,141,213,239,3624
324,Greenwich,Thamesmead Moorings,Ward,Greenwich & Lewisham,E05000228,"2,889","10,049",29%,Sadiq Aman Khan,1558,614,101,73,172,262,2780
325,Greenwich,Woolwich Common,Ward,Greenwich & Lewisham,E05000229,"3,100","9,218",34%,Sadiq Aman Khan,1833,511,209,77,113,251,2994
326,Greenwich,Woolwich Riverside,Ward,Greenwich & Lewisham,E05000230,"3,709","11,029",34%,Sadiq Aman Khan,2088,722,219,131,166,271,3597
327,Lewisham,Bellingham,Ward,Greenwich & Lewisham,E05000437,"2,848","8,552",33%,Sadiq Aman Khan,1563,542,173,106,169,228,2781
328,Lewisham,Blackheath,Ward,Greenwich & Lewisham,E05000438,"3,941","7,999",49%,Sadiq Aman Khan,1913,1043,321,269,81,268,3895
329,Lewisham,Brockley,Ward,Greenwich & Lewisham,E05000439,"4,869","9,959",49%,Sadiq Aman Khan,3017,563,668,168,64,336,4816
330,Lewisham,Catford South,Ward,Greenwich & Lewisham,E05000440,"3,945","8,949",44%,Sadiq Aman Khan,2377,754,263,165,89,219,3867
331,Lewisham,Crofton Park,Ward,Greenwich & Lewisham,E05000441,"4,621","8,977",51%,Sadiq Aman Khan,2761,679,567,181,71,299,4558
332,Lewisham,Downham,Ward,Greenwich & Lewisham,E05000442,"2,662","8,437",32%,Sadiq Aman Khan,1261,612,109,196,238,191,2607
333,Lewisham,Evelyn,Ward,Greenwich & Lewisham,E05000443,"3,597","9,314",39%,Sadiq Aman Khan,2248,534,278,149,101,234,3544
334,Lewisham,Forest Hill,Ward,Greenwich & Lewisham,E05000444,"4,262","8,608",50%,Sadiq Aman Khan,2361,805,431,282,71,260,4210
335,Lewisham,Grove Park,Ward,Greenwich & Lewisham,E05000445,"3,273","8,607",38%,Sadiq Aman Khan,1465,966,217,163,196,203,3210
336,Lewisham,Ladywell,Ward,Greenwich & Lewisham,E05000446,"4,429","8,271",54%,Sadiq Aman Khan,2765,544,531,163,53,293,4349
337,Lewisham,Lee Green,Ward,Greenwich & Lewisham,E05000447,"4,393","8,499",52%,Sadiq Aman Khan,2257,1014,376,287,112,289,4335
338,Lewisham,Lewisham Central,Ward,Greenwich & Lewisham,E05000448,"4,385","10,418",42%,Sadiq Aman Khan,2566,701,439,195,89,313,4303
339,Lewisham,New Cross,Ward,Greenwich & Lewisham,E05000449,"3,792","9,092",42%,Sadiq Aman Khan,2465,422,390,115,62,274,3728
340,Lewisham,Perry Vale,Ward,Greenwich & Lewisham,E05000450,"4,497","9,309",48%,Sadiq Aman Khan,2589,825,429,217,92,290,4442
341,Lewisham,Rushey Green,Ward,Greenwich & Lewisham,E05000451,"3,258","8,019",41%,Sadiq Aman Khan,2047,464,281,110,66,226,3194
342,Lewisham,Sydenham,Ward,Greenwich & Lewisham,E05000452,"4,254","9,213",46%,Sadiq Aman Khan,2341,863,399,168,112,293,4176
343,Lewisham,Telegraph Hill,Ward,Greenwich & Lewisham,E05000453,"4,595","9,403",49%,Sadiq Aman Khan,3079,451,512,136,56,301,4535
344,Lewisham,Whitefoot,Ward,Greenwich & Lewisham,E05000454,"2,908","8,188",36%,Sadiq Aman Khan,1623,582,115,161,146,214,2841
345,Havering,Brooklands,Ward,Havering & Redbridge,E05000306,"3,287","10,197",32%,Zac Goldsmith,1036,1400,132,106,323,226,3223
346,Havering,Cranham,Ward,Havering & Redbridge,E05000307,"3,994","8,322",48%,Zac Goldsmith,635,2408,159,173,357,182,3914
347,Havering,Elm Park,Ward,Havering & Redbridge,E05000308,"3,308","8,538",39%,Zac Goldsmith,825,1479,142,86,455,237,3224
348,Havering,Emerson Park,Ward,Havering & Redbridge,E05000309,"3,456","7,995",43%,Zac Goldsmith,605,2173,106,103,274,140,3401
349,Havering,Gooshays,Ward,Havering & Redbridge,E05000310,"2,697","9,414",29%,Zac Goldsmith,780,941,87,55,459,289,2611
350,Havering,Hacton,Ward,Havering & Redbridge,E05000311,"3,678","8,340",44%,Zac Goldsmith,683,2011,128,128,472,176,3598
351,Havering,Harold Wood,Ward,Havering & Redbridge,E05000312,"3,400","8,901",38%,Zac Goldsmith,754,1680,119,156,407,219,3335
352,Havering,Havering Park,Ward,Havering & Redbridge,E05000313,"2,729","8,341",33%,Zac Goldsmith,515,1426,87,82,341,204,2655
353,Havering,Heaton,Ward,Havering & Redbridge,E05000314,"2,874","8,380",34%,Zac Goldsmith,803,997,90,101,549,281,2821
354,Havering,Hylands,Ward,Havering & Redbridge,E05000315,"3,593","8,886",40%,Zac Goldsmith,777,1908,137,120,413,174,3529
355,Havering,Mawneys,Ward,Havering & Redbridge,E05000316,"3,047","8,252",37%,Zac Goldsmith,612,1618,105,95,383,172,2985
356,Havering,Pettits,Ward,Havering & Redbridge,E05000317,"3,723","8,665",43%,Zac Goldsmith,571,2322,93,159,318,189,3652
357,Havering,Rainham And Wennington,Ward,Havering & Redbridge,E05000318,"2,734","8,242",33%,Zac Goldsmith,727,1103,73,97,465,206,2671
358,Havering,Romford Town,Ward,Havering & Redbridge,E05000319,"3,629","10,141",36%,Zac Goldsmith,964,1687,184,182,321,219,3557
359,Havering,St Andrew's,Ward,Havering & Redbridge,E05000320,"3,725","9,016",41%,Zac Goldsmith,731,1980,147,145,444,205,3652
360,Havering,South Hornchurch,Ward,Havering & Redbridge,E05000321,"2,793","8,914",31%,Zac Goldsmith,793,1071,82,67,449,246,2708
361,Havering,Squirrel's Heath,Ward,Havering & Redbridge,E05000322,"3,411","8,401",41%,Zac Goldsmith,654,2059,118,95,262,166,3354
362,Havering,Upminster,Ward,Havering & Redbridge,E05000323,"4,275","8,618",50%,Zac Goldsmith,695,2687,191,149,316,155,4193
363,Redbridge,Aldborough,Ward,Havering & Redbridge,E05000495,"3,787","8,810",43%,Sadiq Aman Khan,1744,1408,149,96,109,193,3699
364,Redbridge,Barkingside,Ward,Havering & Redbridge,E05000496,"3,818","7,884",48%,Zac Goldsmith,1605,1715,123,89,69,166,3767
365,Redbridge,Bridge,Ward,Havering & Redbridge,E05000497,"3,013","7,474",40%,Zac Goldsmith,899,1418,145,138,170,192,2962
366,Redbridge,Chadwell,Ward,Havering & Redbridge,E05000498,"3,481","8,578",41%,Sadiq Aman Khan,1758,1059,118,85,157,225,3402
367,Redbridge,Church End,Ward,Havering & Redbridge,E05000499,"3,433","7,360",47%,Zac Goldsmith,1211,1446,219,238,86,175,3375
368,Redbridge,Clayhall,Ward,Havering & Redbridge,E05000500,"4,065","8,587",47%,Sadiq Aman Khan,1851,1730,91,86,62,178,3998
369,Redbridge,Clementswood,Ward,Havering & Redbridge,E05000501,"3,278","8,193",40%,Sadiq Aman Khan,2217,600,80,49,48,212,3206
370,Redbridge,Cranbrook,Ward,Havering & Redbridge,E05000502,"3,566","8,110",44%,Sadiq Aman Khan,1990,1097,100,65,33,207,3492
371,Redbridge,Fairlop,Ward,Havering & Redbridge,E05000503,"3,121","7,895",40%,Zac Goldsmith,1045,1505,119,101,156,157,3083
372,Redbridge,Fullwell,Ward,Havering & Redbridge,E05000504,"3,436","7,954",43%,Zac Goldsmith,1352,1486,105,110,126,194,3373
373,Redbridge,Goodmayes,Ward,Havering & Redbridge,E05000505,"3,306","7,897",42%,Sadiq Aman Khan,1976,796,95,79,67,197,3210
374,Redbridge,Hainault,Ward,Havering & Redbridge,E05000506,"2,641","7,807",34%,Zac Goldsmith,899,1072,102,66,239,201,2579
375,Redbridge,Loxford,Ward,Havering & Redbridge,E05000507,"3,427","8,574",40%,Sadiq Aman Khan,2427,540,97,38,33,222,3357
376,Redbridge,Mayfield,Ward,Havering & Redbridge,E05000508,"3,594","8,354",43%,Sadiq Aman Khan,1968,1039,98,57,97,246,3505
377,Redbridge,Monkhams,Ward,Havering & Redbridge,E05000509,"3,384","6,729",50%,Zac Goldsmith,791,2015,148,156,102,116,3328
378,Redbridge,Newbury,Ward,Havering & Redbridge,E05000510,"4,406","9,931",44%,Sadiq Aman Khan,2568,1234,149,83,62,229,4325
379,Redbridge,Roding,Ward,Havering & Redbridge,E05000511,"3,790","7,455",51%,Sadiq Aman Khan,1620,1392,165,235,127,174,3713
380,Redbridge,Seven Kings,Ward,Havering & Redbridge,E05000512,"3,703","8,784",42%,Sadiq Aman Khan,2166,963,131,88,64,211,3623
381,Redbridge,Snaresbrook,Ward,Havering & Redbridge,E05000513,"3,686","7,482",49%,Zac Goldsmith,1427,1496,257,203,75,170,3628
382,Redbridge,Valentines,Ward,Havering & Redbridge,E05000514,"3,403","8,083",42%,Sadiq Aman Khan,2166,725,119,50,40,237,3337
383,Redbridge,Wanstead,Ward,Havering & Redbridge,E05000515,"4,132","7,578",55%,Sadiq Aman Khan,1808,1502,269,174,108,204,4065
384,Lambeth,Bishop's,Ward,Lambeth & Southwark,E05000416,"2,418","8,536",28%,Sadiq Aman Khan,1136,546,198,247,81,161,2369
385,Lambeth,Brixton Hill,Ward,Lambeth & Southwark,E05000417,"4,289","10,205",42%,Sadiq Aman Khan,2605,650,497,161,48,263,4224
386,Lambeth,Clapham Common,Ward,Lambeth & Southwark,E05000418,"3,308","8,163",41%,Sadiq Aman Khan,1498,1153,251,175,20,170,3267
387,Lambeth,Clapham Town,Ward,Lambeth & Southwark,E05000419,"3,488","9,144",38%,Sadiq Aman Khan,1742,1006,251,176,37,219,3431
388,Lambeth,Coldharbour,Ward,Lambeth & Southwark,E05000420,"3,332","10,524",32%,Sadiq Aman Khan,2305,301,320,102,22,196,3246
389,Lambeth,Ferndale,Ward,Lambeth & Southwark,E05000421,"4,060","10,301",39%,Sadiq Aman Khan,2305,785,422,201,33,246,3992
390,Lambeth,Gipsy Hill,Ward,Lambeth & Southwark,E05000422,"3,615","8,954",40%,Sadiq Aman Khan,2102,622,376,153,62,232,3547
391,Lambeth,Herne Hill,Ward,Lambeth & Southwark,E05000423,"5,088","10,246",50%,Sadiq Aman Khan,3028,678,768,197,40,296,5007
392,Lambeth,Knight's Hill,Ward,Lambeth & Southwark,E05000424,"3,726","8,929",42%,Sadiq Aman Khan,2254,632,311,157,66,230,3650
393,Lambeth,Larkhall,Ward,Lambeth & Southwark,E05000425,"4,060","11,029",37%,Sadiq Aman Khan,2329,811,335,173,52,281,3981
394,Lambeth,Oval,Ward,Lambeth & Southwark,E05000426,"3,804","9,111",42%,Sadiq Aman Khan,2057,692,367,265,52,280,3713
395,Lambeth,Prince's,Ward,Lambeth & Southwark,E05000427,"4,217","7,438",57%,Sadiq Aman Khan,2311,814,318,316,79,298,4136
396,Lambeth,St Leonard's,Ward,Lambeth & Southwark,E05000428,"3,942","9,518",41%,Sadiq Aman Khan,2139,880,389,183,53,235,3879
397,Lambeth,Stockwell,Ward,Lambeth & Southwark,E05000429,"3,753","9,285",40%,Sadiq Aman Khan,2126,746,312,199,38,247,3668
398,Lambeth,Streatham Hill,Ward,Lambeth & Southwark,E05000430,"4,153","9,535",44%,Sadiq Aman Khan,2272,815,427,267,51,253,4085
399,Lambeth,Streatham South,Ward,Lambeth & Southwark,E05000431,"3,667","8,662",42%,Sadiq Aman Khan,2137,774,244,141,58,245,3599
400,Lambeth,Streatham Wells,Ward,Lambeth & Southwark,E05000432,"4,016","9,565",42%,Sadiq Aman Khan,2195,761,362,301,65,279,3963
401,Lambeth,Thornton,Ward,Lambeth & Southwark,E05000433,"3,613","8,151",44%,Sadiq Aman Khan,2051,884,255,138,54,164,3546
402,Lambeth,Thurlow Park,Ward,Lambeth & Southwark,E05000434,"4,108","8,601",48%,Sadiq Aman Khan,2248,826,409,223,71,270,4047
403,Lambeth,Tulse Hill,Ward,Lambeth & Southwark,E05000435,"4,265","10,103",42%,Sadiq Aman Khan,2756,495,480,140,47,262,4180
404,Lambeth,Vassall,Ward,Lambeth & Southwark,E05000436,"4,082","9,867",41%,Sadiq Aman Khan,2451,653,381,214,39,280,4018
405,Southwark,Brunswick Park,Ward,Lambeth & Southwark,E05000534,"3,505","8,232",43%,Sadiq Aman Khan,2191,395,416,177,33,199,3411
406,Southwark,Camberwell Green,Ward,Lambeth & Southwark,E05000535,"3,537","8,910",40%,Sadiq Aman Khan,2363,402,292,133,64,222,3476
407,Southwark,Cathedrals,Ward,Lambeth & Southwark,E05000536,"3,393","9,206",37%,Sadiq Aman Khan,1691,599,268,442,95,242,3337
408,Southwark,Chaucer,Ward,Lambeth & Southwark,E05000537,"3,386","8,818",38%,Sadiq Aman Khan,1874,620,255,313,46,212,3320
409,Southwark,College,Ward,Lambeth & Southwark,E05000538,"3,538","7,240",49%,Sadiq Aman Khan,1856,854,288,230,59,187,3474
410,Southwark,East Dulwich,Ward,Lambeth & Southwark,E05000539,"4,022","8,223",49%,Sadiq Aman Khan,2166,714,413,333,53,273,3952
411,Southwark,East Walworth,Ward,Lambeth & Southwark,E05000540,"2,814","7,231",39%,Sadiq Aman Khan,1629,381,224,228,88,172,2722
412,Southwark,Faraday,Ward,Lambeth & Southwark,E05000541,"2,348","6,574",36%,Sadiq Aman Khan,1474,279,165,129,79,143,2269
413,Southwark,Grange,Ward,Lambeth & Southwark,E05000542,"3,541","10,050",35%,Sadiq Aman Khan,1741,739,274,387,106,240,3487
414,Southwark,Livesey,Ward,Lambeth & Southwark,E05000543,"2,991","8,315",36%,Sadiq Aman Khan,1867,400,198,98,123,195,2881
415,Southwark,Newington,Ward,Lambeth & Southwark,E05000544,"3,997","9,064",44%,Sadiq Aman Khan,2385,492,315,406,101,224,3923
416,Southwark,Nunhead,Ward,Lambeth & Southwark,E05000545,"3,539","8,651",41%,Sadiq Aman Khan,2288,404,369,118,70,198,3447
417,Southwark,Peckham,Ward,Lambeth & Southwark,E05000546,"3,166","8,854",36%,Sadiq Aman Khan,2199,313,219,104,40,177,3052
418,Southwark,Peckham Rye,Ward,Lambeth & Southwark,E05000547,"4,208","8,847",48%,Sadiq Aman Khan,2446,679,462,233,66,273,4159
419,Southwark,Riverside,Ward,Lambeth & Southwark,E05000548,"3,233","8,763",37%,Sadiq Aman Khan,1353,830,226,441,106,206,3162
420,Southwark,Rotherhithe,Ward,Lambeth & Southwark,E05000549,"3,025","8,461",36%,Sadiq Aman Khan,1359,723,240,323,127,178,2950
421,Southwark,South Bermondsey,Ward,Lambeth & Southwark,E05000550,"2,685","7,877",34%,Sadiq Aman Khan,1289,524,141,304,165,190,2613
422,Southwark,South Camberwell,Ward,Lambeth & Southwark,E05000551,"3,568","7,966",45%,Sadiq Aman Khan,2209,460,410,212,39,186,3516
423,Southwark,Surrey Docks,Ward,Lambeth & Southwark,E05000552,"3,173","8,197",39%,Sadiq Aman Khan,1140,901,267,538,108,152,3106
424,Southwark,The Lane,Ward,Lambeth & Southwark,E05000553,"4,386","9,891",44%,Sadiq Aman Khan,2833,491,496,187,60,248,4315
425,Southwark,Village,Ward,Lambeth & Southwark,E05000554,"4,329","7,418",58%,Sadiq Aman Khan,1874,1344,374,357,61,275,4285
426,Merton,Abbey,Ward,Merton & Wandsworth,E05000455,"3,073","6,552",47%,Sadiq Aman Khan,1386,1039,223,160,54,159,3021
427,Merton,Cannon Hill,Ward,Merton & Wandsworth,E05000456,"3,149","6,311",50%,Zac Goldsmith,1182,1279,153,150,144,176,3084
428,Merton,Colliers Wood,Ward,Merton & Wandsworth,E05000457,"3,358","7,263",46%,Sadiq Aman Khan,1943,737,230,111,59,218,3298
429,Merton,Cricket Green,Ward,Merton & Wandsworth,E05000458,"2,975","7,427",40%,Sadiq Aman Khan,1681,688,127,72,123,197,2888
430,Merton,Dundonald,Ward,Merton & Wandsworth,E05000459,"3,009","5,894",51%,Zac Goldsmith,1065,1219,235,281,45,120,2965
431,Merton,Figge's Marsh,Ward,Merton & Wandsworth,E05000460,"3,357","7,449",45%,Sadiq Aman Khan,2138,599,110,106,112,212,3277
432,Merton,Graveney,Ward,Merton & Wandsworth,E05000461,"3,152","6,630",48%,Sadiq Aman Khan,2059,562,125,82,49,203,3080
433,Merton,Hillside,Ward,Merton & Wandsworth,E05000462,"2,561","5,483",47%,Zac Goldsmith,725,1314,156,163,28,145,2531
434,Merton,Lavender Fields,Ward,Merton & Wandsworth,E05000463,"2,547","6,870",37%,Sadiq Aman Khan,1454,493,147,100,88,207,2489
435,Merton,Longthornton,Ward,Merton & Wandsworth,E05000464,"2,822","6,989",40%,Sadiq Aman Khan,1634,680,109,65,91,184,2763
436,Merton,Lower Morden,Ward,Merton & Wandsworth,E05000465,"2,728","6,187",44%,Zac Goldsmith,947,1198,105,91,187,137,2665
437,Merton,Merton Park,Ward,Merton & Wandsworth,E05000466,"3,242","6,155",53%,Zac Goldsmith,1298,1316,192,174,58,158,3196
438,Merton,Pollards Hill,Ward,Merton & Wandsworth,E05000467,"2,755","7,179",38%,Sadiq Aman Khan,1684,547,83,59,141,169,2683
439,Merton,Ravensbury,Ward,Merton & Wandsworth,E05000468,"2,711","6,554",41%,Sadiq Aman Khan,1261,780,103,87,175,222,2628
440,Merton,Raynes Park,Ward,Merton & Wandsworth,E05000469,"3,074","6,292",49%,Zac Goldsmith,973,1474,211,160,49,149,3016
441,Merton,St Helier,Ward,Merton & Wandsworth,E05000470,"2,834","7,036",40%,Sadiq Aman Khan,1222,907,112,94,188,220,2743
442,Merton,Trinity,Ward,Merton & Wandsworth,E05000471,"3,074","6,413",48%,Sadiq Aman Khan,1241,1166,193,217,49,166,3032
443,Merton,Village,Ward,Merton & Wandsworth,E05000472,"2,585","4,738",55%,Zac Goldsmith,440,1802,88,108,30,85,2553
444,Merton,West Barnes,Ward,Merton & Wandsworth,E05000473,"3,143","6,402",49%,Zac Goldsmith,1120,1304,139,268,109,149,3089
445,Merton,Wimbledon Park,Ward,Merton & Wandsworth,E05000474,"3,527","7,028",50%,Zac Goldsmith,1285,1559,206,205,44,188,3487
446,Wandsworth,Balham,Ward,Merton & Wandsworth,E05000610,"4,260","9,146",47%,Zac Goldsmith,1751,1758,240,181,50,216,4196
447,Wandsworth,Bedford,Ward,Merton & Wandsworth,E05000611,"4,590","9,113",50%,Sadiq Aman Khan,2539,1325,263,146,49,214,4536
448,Wandsworth,Earlsfield,Ward,Merton & Wandsworth,E05000612,"4,656","9,375",50%,Sadiq Aman Khan,2300,1670,218,127,72,197,4584
449,Wandsworth,East Putney,Ward,Merton & Wandsworth,E05000613,"4,228","9,292",46%,Zac Goldsmith,1381,1978,300,284,43,187,4173
450,Wandsworth,Fairfield,Ward,Merton & Wandsworth,E05000614,"4,037","9,100",44%,Zac Goldsmith,1494,1809,260,171,51,193,3978
451,Wandsworth,Furzedown,Ward,Merton & Wandsworth,E05000615,"5,038","9,271",54%,Sadiq Aman Khan,3496,890,227,113,59,189,4974
452,Wandsworth,Graveney,Ward,Merton & Wandsworth,E05000616,"4,760","9,332",51%,Sadiq Aman Khan,3146,933,223,103,61,214,4680
453,Wandsworth,Latchmere,Ward,Merton & Wandsworth,E05000617,"3,486","8,740",40%,Sadiq Aman Khan,1791,961,239,84,95,222,3392
454,Wandsworth,Nightingale,Ward,Merton & Wandsworth,E05000618,"4,817","9,248",52%,Sadiq Aman Khan,2290,1735,259,223,46,205,4758
455,Wandsworth,Northcote,Ward,Merton & Wandsworth,E05000619,"3,986","8,514",47%,Zac Goldsmith,1439,1850,249,183,41,184,3946
456,Wandsworth,Queenstown,Ward,Merton & Wandsworth,E05000620,"3,591","9,337",38%,Sadiq Aman Khan,1574,1260,240,150,67,249,3540
457,Wandsworth,Roehampton And Putney Heath,Ward,Merton & Wandsworth,E05000621,"2,786","7,460",37%,Sadiq Aman Khan,1215,935,158,80,102,215,2705
458,Wandsworth,Shaftesbury,Ward,Merton & Wandsworth,E05000623,"3,777","8,881",43%,Zac Goldsmith,1465,1610,242,190,52,176,3735
459,Wandsworth,Southfields,Ward,Merton & Wandsworth,E05000624,"4,908","10,331",48%,Zac Goldsmith,1946,2068,307,216,74,229,4840
460,Wandsworth,St Mary's Park,Ward,Merton & Wandsworth,E05000622,"4,067","10,034",41%,Zac Goldsmith,1555,1740,287,155,49,217,4003
461,Wandsworth,Thamesfield,Ward,Merton & Wandsworth,E05000625,"4,823","9,664",50%,Zac Goldsmith,1374,2476,390,251,50,226,4767
462,Wandsworth,Tooting,Ward,Merton & Wandsworth,E05000626,"4,966","9,899",50%,Sadiq Aman Khan,3286,975,240,129,54,211,4895
463,Wandsworth,Wandsworth Common,Ward,Merton & Wandsworth,E05000627,"4,166","8,104",51%,Zac Goldsmith,1596,1953,218,128,53,157,4105
464,Wandsworth,West Hill,Ward,Merton & Wandsworth,E05000628,"3,956","9,289",43%,Zac Goldsmith,1478,1613,255,178,75,284,3883
465,Wandsworth,West Putney,Ward,Merton & Wandsworth,E05000629,"3,754","8,483",44%,Zac Goldsmith,1247,1793,215,166,89,195,3705
466,Hackney,Brownswood,Ward,North East,E05009367,"2,549","5,234",49%,Sadiq Aman Khan,1643,268,307,111,19,168,2516
467,Hackney,Cazenove,Ward,North East,E05009368,"2,817","6,437",44%,Sadiq Aman Khan,1971,231,288,65,13,193,2761
468,Hackney,Clissold,Ward,North East,E05009369,"3,855","7,695",50%,Sadiq Aman Khan,2651,273,483,104,27,246,3784
469,Hackney,Dalston,Ward,North East,E05009370,"2,277","5,316",43%,Sadiq Aman Khan,1487,200,314,73,15,149,2238
470,Hackney,De Beauvoir,Ward,North East,E05009371,"2,462","5,542",44%,Sadiq Aman Khan,1517,407,244,87,36,138,2429
471,Hackney,Hackney Central,Ward,North East,E05009372,"3,444","7,871",44%,Sadiq Aman Khan,2388,260,379,78,29,225,3359
472,Hackney,Hackney Downs,Ward,North East,E05009373,"3,682","7,759",47%,Sadiq Aman Khan,2548,221,476,106,40,214,3605
473,Hackney,Wick,Ward,North East,E05009386,"2,888","7,183",40%,Sadiq Aman Khan,1918,276,321,76,46,196,2833
474,Hackney,Haggerston,Ward,North East,E05009374,"2,989","7,693",39%,Sadiq Aman Khan,1986,326,286,72,51,210,2931
475,Hackney,Homerton,Ward,North East,E05009375,"2,905","7,248",40%,Sadiq Aman Khan,1996,225,323,75,40,184,2843
476,Hackney,Hoxton East And Shoreditch,Ward,North East,E05009376,"2,285","6,412",36%,Sadiq Aman Khan,1390,314,210,90,57,164,2225
477,Hackney,Hoxton West,Ward,North East,E05009377,"2,661","6,971",38%,Sadiq Aman Khan,1616,426,214,100,56,188,2600
478,Hackney,King's Park,Ward,North East,E05009378,"3,151","7,481",42%,Sadiq Aman Khan,2184,246,330,58,30,241,3089
479,Hackney,Lea Bridge,Ward,North East,E05009379,"3,892","8,507",46%,Sadiq Aman Khan,2705,229,449,100,32,295,3810
480,Hackney,London Fields,Ward,North East,E05009380,"3,398","7,416",46%,Sadiq Aman Khan,2278,303,415,92,37,211,3336
481,Hackney,Shacklewell,Ward,North East,E05009381,"2,283","5,102",45%,Sadiq Aman Khan,1595,176,268,50,13,141,2243
482,Hackney,Springfield,Ward,North East,E05009382,"2,114","6,183",34%,Sadiq Aman Khan,1262,419,172,43,18,152,2066
483,Hackney,Stamford Hill West,Ward,North East,E05009383,"1,589","4,067",39%,Sadiq Aman Khan,1007,278,147,31,11,90,1564
484,Hackney,Stoke Newington,Ward,North East,E05009384,"4,415","8,528",52%,Sadiq Aman Khan,3045,353,513,127,45,262,4345
485,Hackney,Victoria,Ward,North East,E05009385,"3,126","7,289",43%,Sadiq Aman Khan,2098,338,310,82,35,201,3064
486,Hackney,Woodberry Down,Ward,North East,E05009387,"2,006","5,194",39%,Sadiq Aman Khan,1306,251,166,62,28,144,1957
487,Islington,Barnsbury,Ward,North East,E05000366,"3,310","7,333",45%,Sadiq Aman Khan,1798,722,240,172,105,225,3262
488,Islington,Bunhill,Ward,North East,E05000367,"3,372","8,572",39%,Sadiq Aman Khan,1856,668,237,161,159,211,3292
489,Islington,Caledonian,Ward,North East,E05000368,"3,433","8,119",42%,Sadiq Aman Khan,2083,500,295,121,100,229,3328
490,Islington,Canonbury,Ward,North East,E05000369,"3,274","7,703",43%,Sadiq Aman Khan,1762,642,289,168,92,259,3212
491,Islington,Clerkenwell,Ward,North East,E05000370,"2,916","7,068",41%,Sadiq Aman Khan,1560,551,304,122,112,191,2840
492,Islington,Finsbury Park,Ward,North East,E05000371,"4,353","9,492",46%,Sadiq Aman Khan,2933,430,412,143,62,277,4257
493,Islington,Highbury East,Ward,North East,E05000372,"3,901","7,655",51%,Sadiq Aman Khan,2302,635,381,220,52,262,3852
494,Islington,Highbury West,Ward,North East,E05000373,"5,226","10,802",48%,Sadiq Aman Khan,3178,771,514,222,73,377,5135
495,Islington,Hillrise,Ward,North East,E05000374,"3,781","7,703",49%,Sadiq Aman Khan,2471,433,340,139,56,273,3712
496,Islington,Holloway,Ward,North East,E05000375,"4,299","9,685",44%,Sadiq Aman Khan,2590,612,402,175,116,316,4211
497,Islington,Junction,Ward,North East,E05000376,"3,651","7,776",47%,Sadiq Aman Khan,2298,488,329,164,78,233,3590
498,Islington,Mildmay,Ward,North East,E05000377,"3,758","8,210",46%,Sadiq Aman Khan,2388,489,339,141,66,258,3681
499,Islington,St George's,Ward,North East,E05000378,"3,885","7,702",50%,Sadiq Aman Khan,2492,458,399,138,65,268,3820
500,Islington,St Mary's,Ward,North East,E05000379,"3,340","7,621",44%,Sadiq Aman Khan,1886,639,296,169,85,215,3290
501,Islington,St Peter's,Ward,North East,E05000380,"3,345","7,558",44%,Sadiq Aman Khan,1768,754,261,181,86,245,3295
502,Islington,Tollington,Ward,North East,E05000381,"4,292","8,887",48%,Sadiq Aman Khan,2992,365,385,146,52,273,4213
503,Waltham Forest,Cann Hall,Ward,North East,E05000590,"2,789","7,400",38%,Sadiq Aman Khan,1650,389,190,164,57,254,2704
504,Waltham Forest,Cathall,Ward,North East,E05000591,"2,521","6,860",37%,Sadiq Aman Khan,1576,337,192,76,59,220,2460
505,Waltham Forest,Chapel End,Ward,North East,E05000592,"3,342","8,198",41%,Sadiq Aman Khan,1929,601,287,119,90,259,3285
506,Waltham Forest,Chingford Green,Ward,North East,E05000593,"2,935","6,843",43%,Zac Goldsmith,692,1542,163,137,188,160,2882
507,Waltham Forest,Endlebury,Ward,North East,E05000594,"3,096","7,220",43%,Zac Goldsmith,832,1613,140,105,179,159,3028
508,Waltham Forest,Forest,Ward,North East,E05000595,"2,956","7,009",42%,Sadiq Aman Khan,1750,516,245,110,61,214,2896
509,Waltham Forest,Grove Green,Ward,North East,E05000596,"3,379","8,415",40%,Sadiq Aman Khan,2018,462,367,132,55,268,3302
510,Waltham Forest,Hale End And Highams Park,Ward,North East,E05000597,"3,420","7,425",46%,Sadiq Aman Khan,1473,1130,256,133,128,224,3344
511,Waltham Forest,Hatch Lane,Ward,North East,E05000598,"3,023","7,263",42%,Zac Goldsmith,969,1272,214,99,200,189,2943
512,Waltham Forest,High Street,Ward,North East,E05000599,"3,806","8,779",43%,Sadiq Aman Khan,2328,471,437,124,74,313,3747
513,Waltham Forest,Higham Hill,Ward,North East,E05000600,"3,033","8,076",38%,Sadiq Aman Khan,1831,440,207,117,119,244,2958
514,Waltham Forest,Hoe Street,Ward,North East,E05000601,"3,746","8,344",45%,Sadiq Aman Khan,2307,513,390,110,63,289,3672
515,Waltham Forest,Larkswood,Ward,North East,E05000602,"2,739","7,181",38%,Zac Goldsmith,1014,1150,104,112,163,152,2695
516,Waltham Forest,Lea Bridge,Ward,North East,E05000603,"3,545","8,932",40%,Sadiq Aman Khan,2253,449,287,82,66,327,3464
517,Waltham Forest,Leyton,Ward,North East,E05000604,"3,041","8,153",37%,Sadiq Aman Khan,1904,411,195,148,54,259,2971
518,Waltham Forest,Leytonstone,Ward,North East,E05000605,"3,602","7,841",46%,Sadiq Aman Khan,2133,598,348,121,52,273,3525
519,Waltham Forest,Markhouse,Ward,North East,E05000606,"3,358","8,122",41%,Sadiq Aman Khan,2205,359,270,91,57,311,3293
520,Waltham Forest,Valley,Ward,North East,E05000607,"2,629","7,249",36%,Sadiq Aman Khan,1039,977,113,84,145,193,2551
521,Waltham Forest,William Morris,Ward,North East,E05000608,"3,555","7,903",45%,Sadiq Aman Khan,2232,479,301,110,65,287,3474
522,Waltham Forest,Wood Street,Ward,North East,E05000609,"3,554","8,271",43%,Sadiq Aman Khan,2167,560,314,96,69,280,3486
523,Hounslow,Bedfont,Ward,South West,E05000346,"2,389","7,981",30%,Sadiq Aman Khan,896,739,97,80,209,261,2282
524,Hounslow,Brentford,Ward,South West,E05000347,"3,593","9,535",38%,Sadiq Aman Khan,1622,1034,310,119,123,292,3500
525,Hounslow,Chiswick Homefields,Ward,South West,E05000348,"3,250","6,537",50%,Zac Goldsmith,1009,1571,178,210,58,175,3201
526,Hounslow,Chiswick Riverside,Ward,South West,E05000349,"3,509","7,016",50%,Zac Goldsmith,1104,1722,212,151,59,198,3446
527,Hounslow,Cranford,Ward,South West,E05000350,"2,498","7,619",33%,Sadiq Aman Khan,1374,616,73,48,66,233,2410
528,Hounslow,Feltham North,Ward,South West,E05000351,"2,222","7,104",31%,Sadiq Aman Khan,886,746,77,68,174,202,2153
529,Hounslow,Feltham West,Ward,South West,E05000352,"2,646","9,242",29%,Sadiq Aman Khan,1040,834,96,83,246,277,2576
530,Hounslow,Hanworth,Ward,South West,E05000353,"2,197","7,410",30%,Sadiq Aman Khan,876,692,85,89,167,223,2132
531,Hounslow,Hanworth Park,Ward,South West,E05000354,"2,700","7,589",36%,Sadiq Aman Khan,978,971,96,106,205,276,2632
532,Hounslow,Heston Central,Ward,South West,E05000355,"2,710","7,364",37%,Sadiq Aman Khan,1386,815,78,39,80,223,2621
533,Hounslow,Heston East,Ward,South West,E05000356,"2,900","7,840",37%,Sadiq Aman Khan,1462,859,94,50,55,268,2788
534,Hounslow,Heston West,Ward,South West,E05000357,"3,033","7,833",39%,Sadiq Aman Khan,1735,694,93,49,78,227,2876
535,Hounslow,Hounslow Central,Ward,South West,E05000358,"3,485","9,345",37%,Sadiq Aman Khan,1822,1021,134,78,86,274,3415
536,Hounslow,Hounslow Heath,Ward,South West,E05000359,"3,343","8,638",39%,Sadiq Aman Khan,1778,902,119,82,54,306,3241
537,Hounslow,Hounslow South,Ward,South West,E05000360,"3,461","7,501",46%,Sadiq Aman Khan,1420,1284,194,117,116,255,3386
538,Hounslow,Hounslow West,Ward,South West,E05000361,"3,094","8,123",38%,Sadiq Aman Khan,1591,846,109,45,59,305,2955
539,Hounslow,Isleworth,Ward,South West,E05000362,"2,997","7,319",41%,Sadiq Aman Khan,1326,964,158,101,140,246,2935
540,Hounslow,Osterley And Spring Grove,Ward,South West,E05000363,"3,534","8,309",43%,Zac Goldsmith,1409,1461,177,104,63,254,3468
541,Hounslow,Syon,Ward,South West,E05000364,"3,298","8,695",38%,Sadiq Aman Khan,1418,1036,223,122,123,276,3198
542,Hounslow,Turnham Green,Ward,South West,E05000365,"3,155","6,982",45%,Zac Goldsmith,1012,1451,199,193,56,188,3099
543,Kingston upon Thames,Alexandra,Ward,South West,E05000400,"2,629","5,643",47%,Zac Goldsmith,726,1244,96,326,96,91,2579
544,Kingston upon Thames,Berrylands,Ward,South West,E05000401,"2,774","5,563",50%,Zac Goldsmith,819,1175,177,375,62,124,2732
545,Kingston upon Thames,Beverley,Ward,South West,E05000402,"3,010","6,011",50%,Zac Goldsmith,1041,1240,164,303,65,148,2961
546,Kingston upon Thames,Canbury,Ward,South West,E05000403,"3,664","7,178",51%,Zac Goldsmith,1259,1602,274,270,53,154,3612
547,Kingston upon Thames,Chessington North And Hook,Ward,South West,E05000404,"1,959","5,268",37%,Zac Goldsmith,460,884,94,274,110,101,1923
548,Kingston upon Thames,Chessington South,Ward,South West,E05000405,"2,415","6,347",38%,Zac Goldsmith,577,1108,103,275,172,130,2365
549,Kingston upon Thames,Coombe Hill,Ward,South West,E05000406,"2,285","5,007",46%,Zac Goldsmith,626,1282,92,114,27,99,2240
550,Kingston upon Thames,Coombe Vale,Ward,South West,E05000407,"2,928","5,381",54%,Zac Goldsmith,862,1530,151,190,42,107,2882
551,Kingston upon Thames,Grove,Ward,South West,E05000408,"2,565","6,012",43%,Sadiq Aman Khan,957,903,192,313,39,137,2541
552,Kingston upon Thames,Norbiton,Ward,South West,E05000409,"2,297","5,476",42%,Sadiq Aman Khan,993,641,164,267,62,132,2259
553,Kingston upon Thames,Old Malden,Ward,South West,E05000410,"2,673","5,650",47%,Zac Goldsmith,721,1322,91,244,106,137,2621
554,Kingston upon Thames,St James,Ward,South West,E05000411,"2,466","5,220",47%,Zac Goldsmith,782,1131,100,220,89,105,2427
555,Kingston upon Thames,St Mark's,Ward,South West,E05000412,"2,689","5,813",46%,Sadiq Aman Khan,952,950,231,318,50,152,2653
556,Kingston upon Thames,Surbiton Hill,Ward,South West,E05000413,"2,857","6,036",47%,Zac Goldsmith,923,1187,183,355,57,112,2817
557,Kingston upon Thames,Tolworth And Hook Rise,Ward,South West,E05000414,"2,444","5,947",41%,Zac Goldsmith,764,954,93,320,108,150,2389
558,Kingston upon Thames,Tudor,Ward,South West,E05000415,"3,105","5,411",57%,Zac Goldsmith,751,1759,197,202,57,98,3064
559,Richmond upon Thames,Barnes,Ward,South West,E05000516,"3,197","5,762",55%,Zac Goldsmith,635,2077,134,167,30,116,3159
560,Richmond upon Thames,East Sheen,Ward,South West,E05000517,"3,796","6,120",62%,Zac Goldsmith,761,2424,170,239,33,133,3760
561,Richmond upon Thames,Fulwell And Hampton Hill,Ward,South West,E05000518,"3,284","6,326",52%,Zac Goldsmith,989,1511,242,324,59,124,3249
562,Richmond upon Thames,"Ham, Petersham And Richmond Riverside",Ward,South West,E05000519,"3,208","5,905",54%,Zac Goldsmith,792,1684,253,231,73,131,3164
563,Richmond upon Thames,Hampton,Ward,South West,E05000520,"3,127","6,197",50%,Zac Goldsmith,812,1576,163,330,61,139,3081
564,Richmond upon Thames,Hampton North,Ward,South West,E05000521,"2,499","5,805",43%,Zac Goldsmith,658,1255,139,196,91,127,2466
565,Richmond upon Thames,Hampton Wick,Ward,South West,E05000522,"3,239","6,316",51%,Zac Goldsmith,979,1544,206,248,47,173,3197
566,Richmond upon Thames,Heathfield,Ward,South West,E05000523,"2,640","6,118",43%,Zac Goldsmith,795,1192,99,220,126,147,2579
567,Richmond upon Thames,Kew,Ward,South West,E05000524,"3,843","6,483",59%,Zac Goldsmith,903,2151,244,302,36,161,3797
568,Richmond upon Thames,Mortlake And Barnes Common,Ward,South West,E05000525,"3,498","6,389",55%,Zac Goldsmith,871,2021,172,201,37,151,3453
569,Richmond upon Thames,North Richmond,Ward,South West,E05000526,"3,404","6,316",54%,Zac Goldsmith,834,1903,173,251,43,155,3359
570,Richmond upon Thames,South Richmond,Ward,South West,E05000528,"3,343","6,052",55%,Zac Goldsmith,829,1958,182,167,36,128,3300
571,Richmond upon Thames,South Twickenham,Ward,South West,E05000529,"3,353","5,883",57%,Zac Goldsmith,938,1654,251,292,43,137,3315
572,Richmond upon Thames,St Margaret's And North Twickenham,Ward,South West,E05000527,"3,608","6,704",54%,Zac Goldsmith,1183,1602,280,314,32,147,3558
573,Richmond upon Thames,Teddington,Ward,South West,E05000530,"3,432","6,382",54%,Zac Goldsmith,986,1617,233,366,37,151,3390
574,Richmond upon Thames,Twickenham Riverside,Ward,South West,E05000531,"3,195","6,134",52%,Zac Goldsmith,993,1460,269,248,30,151,3151
575,Richmond upon Thames,West Twickenham,Ward,South West,E05000532,"2,991","6,400",47%,Zac Goldsmith,951,1264,206,300,83,140,2944
576,Richmond upon Thames,Whitton,Ward,South West,E05000533,"2,924","5,985",49%,Zac Goldsmith,834,1321,175,295,99,158,2882
577,Hammersmith & Fulham,Addison,Ward,West Central,E05000250,"2,942","6,824",43%,Sadiq Aman Khan,1261,1060,211,137,45,187,2901
578,Hammersmith & Fulham,Askew,Ward,West Central,E05000251,"3,750","8,365",45%,Sadiq Aman Khan,1965,949,272,167,68,260,3681
579,Hammersmith & Fulham,Avonmore And Brook Green,Ward,West Central,E05000252,"2,786","6,751",41%,Zac Goldsmith,1082,1088,206,134,45,187,2742
580,Hammersmith & Fulham,College Park And Old Oak,Ward,West Central,E05000253,"1,848","4,953",37%,Sadiq Aman Khan,997,373,102,51,93,187,1803
581,Hammersmith & Fulham,Fulham Broadway,Ward,West Central,E05000254,"2,481","6,465",38%,Zac Goldsmith,891,1068,118,74,74,188,2413
582,Hammersmith & Fulham,Fulham Reach,Ward,West Central,E05000255,"3,015","6,733",45%,Sadiq Aman Khan,1294,1025,237,138,76,205,2975
583,Hammersmith & Fulham,Hammersmith Broadway,Ward,West Central,E05000256,"2,902","6,802",43%,Sadiq Aman Khan,1403,847,195,142,68,209,2864
584,Hammersmith & Fulham,Munster,Ward,West Central,E05000257,"2,670","6,516",41%,Zac Goldsmith,721,1436,160,132,53,130,2632
585,Hammersmith & Fulham,North End,Ward,West Central,E05000258,"2,775","6,691",41%,Sadiq Aman Khan,1259,882,202,114,67,194,2718
586,Hammersmith & Fulham,Palace Riverside,Ward,West Central,E05000259,"2,198","4,234",52%,Zac Goldsmith,525,1295,105,106,37,98,2166
587,Hammersmith & Fulham,Parsons Green And Walham,Ward,West Central,E05000260,"2,629","6,035",44%,Zac Goldsmith,598,1628,84,99,44,129,2582
588,Hammersmith & Fulham,Ravenscourt Park,Ward,West Central,E05000261,"3,222","6,097",53%,Zac Goldsmith,1178,1303,242,226,28,204,3181
589,Hammersmith & Fulham,Sands End,Ward,West Central,E05000262,"2,816","7,526",37%,Zac Goldsmith,1000,1298,144,97,69,150,2758
590,Hammersmith & Fulham,Shepherd's Bush Green,Ward,West Central,E05000263,"2,923","7,155",41%,Sadiq Aman Khan,1540,646,236,133,59,267,2881
591,Hammersmith & Fulham,Town,Ward,West Central,E05000264,"2,513","6,439",39%,Zac Goldsmith,743,1305,140,85,60,136,2469
592,Hammersmith & Fulham,Wormholt And White City,Ward,West Central,E05000265,"3,202","7,761",41%,Sadiq Aman Khan,1843,684,170,105,92,223,3117
593,Kensington & Chelsea,Abingdon,Ward,West Central,E05009388,"1,787","4,219",42%,Zac Goldsmith,379,1123,76,81,21,82,1762
594,Kensington & Chelsea,Brompton And Hans Town,Ward,West Central,E05009389,"1,417","4,278",33%,Zac Goldsmith,230,1001,55,34,20,57,1397
595,Kensington & Chelsea,Campden,Ward,West Central,E05009390,"1,696","4,184",41%,Zac Goldsmith,290,1151,62,79,24,67,1673
596,Kensington & Chelsea,Chelsea Riverside,Ward,West Central,E05009391,"1,899","4,873",39%,Zac Goldsmith,575,947,73,65,43,147,1850
597,Kensington & Chelsea,Colville,Ward,West Central,E05009392,"2,043","5,172",40%,Sadiq Aman Khan,935,647,144,88,32,161,2007
598,Kensington & Chelsea,Courtfield,Ward,West Central,E05009393,"1,507","4,389",34%,Zac Goldsmith,217,1032,60,77,17,79,1482
599,Kensington & Chelsea,Dalgarno,Ward,West Central,E05009394,"1,528","3,840",40%,Sadiq Aman Khan,795,361,77,53,45,136,1467
600,Kensington & Chelsea,Earls Court,Ward,West Central,E05009395,"1,818","4,894",37%,Zac Goldsmith,498,878,101,138,28,124,1767
601,Kensington & Chelsea,Golborne,Ward,West Central,E05009396,"1,812","4,912",37%,Sadiq Aman Khan,1048,338,97,37,42,200,1762
602,Kensington & Chelsea,Holland,Ward,West Central,E05009397,"1,632","4,189",39%,Zac Goldsmith,449,895,84,64,16,107,1615
603,Kensington & Chelsea,Norland,Ward,West Central,E05009398,"1,457","3,124",47%,Zac Goldsmith,351,844,56,58,26,92,1427
604,Kensington & Chelsea,Notting Dale,Ward,West Central,E05009399,"1,985","5,127",39%,Sadiq Aman Khan,1072,473,107,49,62,158,1921
605,Kensington & Chelsea,Pembridge,Ward,West Central,E05009400,"1,173","3,046",39%,Zac Goldsmith,315,598,80,76,16,66,1151
606,Kensington & Chelsea,Queen`S Gate,Ward,West Central,E05009401,"1,269","3,773",34%,Zac Goldsmith,243,828,64,49,14,52,1250
607,Kensington & Chelsea,Redcliffe,Ward,West Central,E05009402,"1,746","4,625",38%,Zac Goldsmith,367,1103,76,71,18,77,1712
608,Kensington & Chelsea,Royal Hospital,Ward,West Central,E05009403,"1,926","4,790",40%,Zac Goldsmith,334,1344,56,57,44,62,1897
609,Kensington & Chelsea,St Helen`S,Ward,West Central,E05009404,"1,509","3,688",41%,Sadiq Aman Khan,625,515,104,75,39,117,1475
610,Kensington & Chelsea,Stanley,Ward,West Central,E05009405,"1,863","4,877",38%,Zac Goldsmith,418,1157,76,52,46,82,1831
611,Westminster,Abbey Road,Ward,West Central,E05000630,"2,254","5,091",44%,Zac Goldsmith,539,1373,98,85,28,92,2215
612,Westminster,Bayswater,Ward,West Central,E05000631,"2,141","5,365",40%,Zac Goldsmith,764,906,134,116,37,143,2100
613,Westminster,Bryanston And Dorset Square,Ward,West Central,E05000632,"2,071","5,229",40%,Zac Goldsmith,631,1026,123,100,32,124,2036
614,Westminster,Church Street,Ward,West Central,E05000634,"2,618","6,082",43%,Sadiq Aman Khan,1635,467,87,55,73,193,2510
615,Westminster,Churchill,Ward,West Central,E05000633,"2,364","5,314",44%,Sadiq Aman Khan,1064,835,98,71,88,157,2313
616,Westminster,Harrow Road,Ward,West Central,E05000635,"2,694","6,534",41%,Sadiq Aman Khan,1558,571,163,89,59,183,2623
617,Westminster,Hyde Park,Ward,West Central,E05000636,"1,872","5,350",35%,Zac Goldsmith,595,935,98,88,27,104,1847
618,Westminster,Knightsbridge And Belgravia,Ward,West Central,E05000637,"1,081","3,496",31%,Zac Goldsmith,134,809,37,33,12,40,1065
619,Westminster,Lancaster Gate,Ward,West Central,E05000638,"2,190","5,657",39%,Zac Goldsmith,724,1016,112,115,35,155,2157
620,Westminster,Little Venice,Ward,West Central,E05000639,"2,232","5,278",42%,Zac Goldsmith,771,1028,112,98,41,142,2192
621,Westminster,Maida Vale,Ward,West Central,E05000640,"2,329","5,721",41%,Sadiq Aman Khan,1008,818,138,125,53,149,2291
622,Westminster,Marylebone High Street,Ward,West Central,E05000641,"1,850","4,676",40%,Zac Goldsmith,481,1038,91,88,38,85,1821
623,Westminster,Queens Park,Ward,West Central,E05000642,"2,867","6,912",41%,Sadiq Aman Khan,1818,472,167,76,55,205,2793
624,Westminster,Regent's Park,Ward,West Central,E05000643,"2,138","5,621",38%,Zac Goldsmith,714,1066,109,68,35,108,2100
625,Westminster,St James's,Ward,West Central,E05000644,"2,156","5,768",37%,Zac Goldsmith,713,979,118,118,44,155,2127
626,Westminster,Tachbrook,Ward,West Central,E05000645,"2,229","4,831",46%,Zac Goldsmith,725,1039,120,124,68,107,2183
627,Westminster,Vincent Square,Ward,West Central,E05000646,"2,539","5,713",44%,Zac Goldsmith,938,1049,132,124,67,170,2480
628,Westminster,Warwick,Ward,West Central,E05000647,"2,254","5,261",43%,Zac Goldsmith,659,1113,101,130,55,150,2208
629,Westminster,West End,Ward,West Central,E05000649,"1,797","4,707",38%,Zac Goldsmith,619,783,116,80,39,116,1753
630,Westminster,Westbourne,Ward,West Central,E05000648,"2,390","6,712",36%,Sadiq Aman Khan,1431,481,129,66,42,179,2328
